family,n,d_vendor_med,d_vendor_p90,d_thick_med,d_thick_p90,frac_vendor_gt08,frac_thick_gt08
wavelet-HLH|firstorder,18,0.8888008488796821,1.3422991997841318,4.412207377190336,8.05621221316657,0.5,0.7222222222222222
wavelet-LHH|firstorder,18,1.1372909015387769,1.579242346105186,4.392986856668424,7.930242017220075,0.5555555555555556,0.7222222222222222
wavelet-HHH|firstorder,18,1.3244880891569109,1.5753014493155475,4.061049841102476,6.773424622366399,0.5555555555555556,0.7222222222222222
wavelet-LLH|gldm,14,1.4589577628173962,1.7632203520430483,3.7392121084371213,5.798761223250029,0.6428571428571429,0.6428571428571429
wavelet-HHL|glcm,24,0.49444209055894267,3.216725200975953,3.578197329349911,8.534191857616957,0.375,0.7916666666666666
wavelet-LLH|glcm,24,1.833980469535326,2.3033335856201544,3.4851034522453084,9.382724424985161,0.75,0.7916666666666666
log-sigma-1-0-mm-3D|glcm,24,0.7796014345388704,1.0335311673377825,3.2740140212105544,4.747435261387763,0.25,0.7083333333333334
wavelet-LLH|glrlm,16,1.4013075800195773,1.9137414917252369,2.8988667990628665,7.594376868909659,0.625,0.625
wavelet-LLH|firstorder,18,0.9515483080742071,1.2626700833294784,2.4987930202116297,5.767973875099013,0.5,0.6666666666666666
wavelet-HHH|glcm,24,0.2839450361620544,1.2129076010870548,2.0900500528635515,2.157476910939132,0.20833333333333334,0.75
wavelet-LHH|glrlm,16,1.576433777108596,1.9381207633057742,1.8417883232912224,2.648081520016155,0.625,0.625
wavelet-LHH|gldm,14,1.2033831972754847,1.700760247892428,1.5474383133761616,3.183689342444049,0.6428571428571429,0.6428571428571429
wavelet-HLH|glrlm,16,0.7690270864247208,1.1304650129632128,1.4580723503925603,2.08125577829708,0.5,0.625
log-sigma-1-0-mm-3D|glrlm,16,0.5478718800020053,1.2000944942111116,1.3628915875719965,3.884947447078104,0.3125,0.625
wavelet-LHH|glcm,24,1.4737554657939156,2.6969693786730558,1.2983447170726126,3.104551236718908,0.75,0.5
original|glcm,24,0.5179602133640534,1.2602435695110374,1.0562742670792322,1.6630701811811939,0.16666666666666666,0.5416666666666666
wavelet-HLH|gldm,14,0.5745777996276631,1.5538998070447358,0.9981404919305852,3.144872852447358,0.42857142857142855,0.6428571428571429
wavelet-HHH|gldm,14,0.5409253007842982,0.9652767076805557,0.9807978597831,1.213409760780265,0.42857142857142855,0.5714285714285714
wavelet-HHH|glrlm,16,0.4599808812384122,1.5034113645332718,0.9217348892509427,1.7416560797993097,0.375,0.5625
wavelet-HLL|glcm,24,1.7851004778408575,3.0167312651227016,0.895831988137596,4.132946313496635,0.7916666666666666,0.7916666666666666
original|glrlm,16,0.20469215240963157,1.0414468278787639,0.8027601545019383,1.769295335199274,0.125,0.5
wavelet-HLH|glcm,24,0.14104120419274496,2.273537648004652,0.7787935466936,2.049503220245825,0.3333333333333333,0.5
wavelet-HHH|glszm,16,0.5366760479621357,0.7103265659938418,0.6994307256909791,1.0076309654908557,0.0625,0.3125
wavelet-LHL|glrlm,16,1.0030837101033867,1.5196647572781496,0.6756224971996854,1.2597662781970935,0.625,0.4375
log-sigma-1-0-mm-3D|firstorder,18,0.47848760143352764,0.7241304724625522,0.6751860467606299,1.4094130963560991,0.05555555555555555,0.3888888888888889
log-sigma-5-0-mm-3D|firstorder,18,0.13532619199584928,0.2320336242561968,0.6589922160246338,0.877800017966362,0.0,0.16666666666666666
log-sigma-3-0-mm-3D|gldm,14,0.4855713699260701,0.7659787820048842,0.6480304890816718,1.0668037525217853,0.07142857142857142,0.5
wavelet-LLL|gldm,14,0.37402608911488633,1.3946292195477554,0.6189594821655197,1.5658149875883902,0.2857142857142857,0.2857142857142857
original|gldm,14,0.4242578922804694,1.3673396525919381,0.6100103985079253,1.5790182827781425,0.35714285714285715,0.35714285714285715
wavelet-LHL|gldm,14,0.2507889406465584,1.2118749544905183,0.6021649491352974,0.8718607039502655,0.35714285714285715,0.21428571428571427
wavelet-LLL|glrlm,16,0.288883963136718,1.1051100099312958,0.5872579361482624,1.1162193500579782,0.125,0.375
log-sigma-4-0-mm-3D|firstorder,18,0.16140497670331966,0.22165280415579386,0.5822424211547712,0.8487533514506125,0.0,0.2777777777777778
wavelet-HHL|firstorder,18,0.21635399407280287,0.4246514592215484,0.5674870069702723,0.7758700440482783,0.0,0.1111111111111111
wavelet-LLL|glcm,24,0.5710370956225774,1.2289185765658304,0.49541986209361893,0.7157029302063899,0.16666666666666666,0.041666666666666664
log-sigma-2-0-mm-3D|gldm,14,0.4434970532240059,0.8574618918980177,0.4895798493639485,1.2033390778752204,0.14285714285714285,0.35714285714285715
log-sigma-1-0-mm-3D|gldm,14,0.298228189635362,1.142253537350744,0.4862070800680129,2.707038093541559,0.35714285714285715,0.42857142857142855
original|firstorder,18,0.5504523677019322,1.2837296330683172,0.4829584311383974,1.0272556380377362,0.3333333333333333,0.2222222222222222
log-sigma-3-0-mm-3D|firstorder,18,0.13200337783740712,0.2874079803277967,0.47798923852844144,0.724047735253262,0.0,0.05555555555555555
log-sigma-4-0-mm-3D|gldm,14,0.43314183485713503,0.8179035704154762,0.47776332858930415,1.1310081176100526,0.14285714285714285,0.42857142857142855
wavelet-HHL|glrlm,16,0.9349246480112801,1.6682597494655917,0.47379669073483555,1.3818854052987601,0.5625,0.375
log-sigma-3-0-mm-3D|glrlm,16,0.4408654847787088,0.8106064220663411,0.4583118843606291,1.0035408149810978,0.125,0.25
original|glszm,16,0.7085029699532592,1.3902409878404436,0.4350646739217211,1.2105785962682818,0.3125,0.1875
log-sigma-2-0-mm-3D|glcm,24,0.30448277513185423,0.4691920053449276,0.42861765980278393,0.570166761859384,0.0,0.0
wavelet-LLL|glszm,16,0.2564074581837982,1.2026108593712208,0.3983974772773462,0.634335721213598,0.25,0.0625
wavelet-HLL|glszm,16,0.34882622527927165,0.4837001541966869,0.3884587337179198,0.589747420112525,0.0,0.0625
wavelet-HHL|glszm,16,0.31135427107557845,0.5932245493842474,0.38059403068620146,1.54761889994982,0.0,0.4375
log-sigma-5-0-mm-3D|gldm,14,0.38063195374720743,0.7968846180956909,0.37192278417047153,1.0330062678477272,0.14285714285714285,0.35714285714285715
log-sigma-2-0-mm-3D|glrlm,16,0.3609015728475461,0.9461431065832432,0.37151226636855905,0.9809985093948372,0.1875,0.1875
log-sigma-4-0-mm-3D|glrlm,16,0.4512507408126898,0.7360341306168394,0.3646425359881697,1.0742877100464554,0.0625,0.25
log-sigma-5-0-mm-3D|glrlm,16,0.3612162123754804,0.6423120838647873,0.357169006918405,0.9945420690993991,0.0,0.1875
log-sigma-2-0-mm-3D|firstorder,18,0.19547769066993229,0.41080370240484115,0.309860619151142,0.40211393888579067,0.0,0.0
wavelet-LHL|glszm,16,0.30280782921365673,0.44415327327550946,0.30555449162417553,0.46110325257404405,0.0,0.0
wavelet-LLH|glszm,16,0.12113102000058984,0.27903093702427006,0.2908463949949319,0.9520402004277797,0.0,0.1875
log-sigma-3-0-mm-3D|glcm,24,0.14478395462948745,0.2790083192416913,0.2754744386988214,0.5878418469980233,0.0,0.0
wavelet-HHL|ngtdm,5,0.24927030504296155,0.2634208645245594,0.2707300146702301,3.055345917551841,0.0,0.4
wavelet-HLL|ngtdm,5,0.33477428843027857,1.7214198682884962,0.26646912838255193,0.7793994915141083,0.4,0.0
wavelet-HLL|glrlm,16,0.3188423714535552,0.7398281073932511,0.2567469261096631,1.1823398305762391,0.125,0.25
wavelet-LLH|ngtdm,5,0.07527746142050479,1.7309761093126044,0.24272578682490997,8.318720968346144,0.4,0.4
log-sigma-4-0-mm-3D|glcm,24,0.15196962670229708,0.23504937349670782,0.2363022210211938,0.46767076955103815,0.0,0.0
log-sigma-5-0-mm-3D|ngtdm,5,0.047599788657810255,0.12580534140253655,0.2349929008679858,0.28785668511096174,0.0,0.0
wavelet-HHH|ngtdm,5,0.25870361957820315,0.4867873080439042,0.23193419647411126,1.7997027581437992,0.0,0.4
original|shape,14,0.2341880696950723,0.34357821690276996,0.22749309357236464,0.34514373009254434,0.0,0.0
log-sigma-3-0-mm-3D|ngtdm,5,0.049307495847817066,0.2245441100137457,0.2166173870906466,0.5148350122950821,0.0,0.0
log-sigma-1-0-mm-3D|glszm,16,0.15667409757725947,0.3099220881272993,0.20616027415344687,0.5579832555595858,0.0,0.0
log-sigma-4-0-mm-3D|ngtdm,5,0.0424744676410087,0.20555718849664267,0.20519915028451832,0.41133473555059,0.0,0.0
log-sigma-4-0-mm-3D|glszm,16,0.22472131127594763,0.3527520506138658,0.19981386293893372,0.30422143197744456,0.0,0.0
log-sigma-2-0-mm-3D|glszm,16,0.0621740759671906,0.19879542488614294,0.1982168217743083,0.3314884540860731,0.0,0.0
wavelet-LHL|ngtdm,5,0.23845383422256267,0.6143895940934804,0.1971462166397202,0.23192281950635243,0.0,0.0
wavelet-HLH|ngtdm,5,0.23248088006523887,0.2599103364311732,0.19413921922049657,1.9362557383135879,0.0,0.4
wavelet-HHL|gldm,14,0.24432122831943415,0.9488546876303451,0.18436762331871076,0.9054239986959449,0.21428571428571427,0.2857142857142857
wavelet-LLL|firstorder,18,0.42650269046374584,1.2947810844850367,0.17918112235928696,0.3561795911026832,0.3333333333333333,0.0
wavelet-LHL|firstorder,18,0.2521763718151195,0.8236373848346521,0.1747188924918795,0.914395898001699,0.16666666666666666,0.2777777777777778
log-sigma-5-0-mm-3D|glcm,24,0.12383920899218315,0.14136944753353342,0.17276917499034727,0.33298738223614255,0.0,0.0
wavelet-HLL|gldm,14,0.2804381299875983,0.5185747323758254,0.1702261939511467,0.70530943050089,0.0,0.0
original|ngtdm,5,0.2386928776802286,0.44154524663037487,0.16530641339469115,1.1899475540069149,0.0,0.4
log-sigma-1-0-mm-3D|ngtdm,5,0.15739229331424348,0.6179417594878999,0.1540820467858329,2.9543503218424076,0.0,0.4
wavelet-LHH|glszm,16,0.18239548808385614,0.3172799893974273,0.1529041909464829,0.23862091310783337,0.0,0.0
log-sigma-3-0-mm-3D|glszm,16,0.16476464386836598,0.2760132351098752,0.15230263092177843,0.2518146524332589,0.0,0.0
wavelet-LHH|ngtdm,5,0.2008929045385395,1.4675646268942366,0.14705449937079587,2.8900020519099745,0.4,0.4
log-sigma-5-0-mm-3D|glszm,16,0.22179799319965693,0.28087647525500736,0.13937554708172176,0.31327563706916345,0.0,0.0
wavelet-HLL|firstorder,18,0.37726970838206136,0.772380467207759,0.1339494709499589,0.5656462279405169,0.1111111111111111,0.0
wavelet-HLH|glszm,16,0.21351077029761822,0.394198053529366,0.12865416329331583,0.24314010675283917,0.0,0.0
log-sigma-2-0-mm-3D|ngtdm,5,0.14819157426687996,0.27550771326452017,0.11728568684004358,0.4517776458691562,0.0,0.0
wavelet-LLL|ngtdm,5,0.25086555864619464,0.4750902833192384,0.10147084988603725,0.6537518986813518,0.0,0.0
wavelet-LHL|glcm,24,0.595080430855131,2.674958883479978,0.023606646934014812,4.274698200870652,0.2916666666666667,0.375
