family,model,l1_C,cv_auc_mean,cv_auc_std
SVM,SVM-rbf C=1.0 gamma=0.01,0.03,0.786,0.0329
RF,RF n=500 depth=10,0.1,0.7856,0.0299
LR,LR C=0.1,0.03,0.7855,0.0328
RF,RF n=500 depth=None,0.1,0.7854,0.0319
SVM,SVM-linear C=10.0,0.03,0.7853,0.0372
RF,RF n=500 depth=10,1.0,0.7851,0.0295
SVM,SVM-linear C=1.0,0.03,0.7851,0.0366
SVM,SVM-linear C=0.01,0.03,0.7845,0.0365
LR,LR C=1.0,0.03,0.7842,0.0327
LR,LR C=0.01,0.03,0.784,0.0335
SVM,SVM-rbf C=10.0 gamma=0.001,0.03,0.784,0.0333
LR,LR C=10.0,0.03,0.7837,0.0325
LGBM,LGBM n=300 lr=0.05 leaves=31,3.0,0.7836,0.0305
RF,RF n=500 depth=None,1.0,0.7832,0.0277
SVM,SVM-rbf C=0.1 gamma=0.01,0.03,0.7828,0.0315
SVM,SVM-rbf C=1.0 gamma=0.001,0.03,0.7826,0.0358
RF,RF n=500 depth=None,0.3,0.7818,0.0331
LGBM,LGBM n=300 lr=0.1 leaves=31,3.0,0.7818,0.0325
RF,RF n=500 depth=10,0.3,0.781,0.0332
RF,RF n=500 depth=10,3.0,0.781,0.0289
LGBM,LGBM n=300 lr=0.05 leaves=15,3.0,0.7803,0.0289
LGBM,LGBM n=300 lr=0.1 leaves=31,1.0,0.7802,0.0333
LGBM,LGBM n=300 lr=0.1 leaves=15,1.0,0.7796,0.0329
SVM,SVM-rbf C=0.1 gamma=0.001,0.03,0.7793,0.0348
SVM,SVM-rbf C=1.0 gamma=0.001,1.0,0.7793,0.0319
SVM,SVM-rbf C=1.0 gamma=0.001,3.0,0.7786,0.0262
LR,LR C=0.01,3.0,0.7782,0.0171
LR,LR C=0.01,1.0,0.7781,0.0186
LGBM,LGBM n=300 lr=0.1 leaves=15,3.0,0.7781,0.0332
SVM,SVM-rbf C=0.1 gamma=scale,0.03,0.7775,0.0238
RF,RF n=500 depth=None,3.0,0.7774,0.0276
LGBM,LGBM n=300 lr=0.05 leaves=31,1.0,0.776,0.034
SVM,SVM-rbf C=1.0 gamma=0.001,0.3,0.7758,0.032
LGBM,LGBM n=300 lr=0.05 leaves=31,0.1,0.7757,0.0251
SVM,SVM-rbf C=1.0 gamma=0.001,0.1,0.7755,0.0325
SVM,SVM-rbf C=1.0 gamma=scale,1.0,0.7753,0.024
SVM,SVM-rbf C=0.1 gamma=0.01,0.1,0.7753,0.0317
LGBM,LGBM n=300 lr=0.05 leaves=15,1.0,0.7753,0.0308
LR,LR C=0.01,0.3,0.7744,0.024
SVM,SVM-rbf C=0.1 gamma=scale,0.1,0.7739,0.0304
SVM,SVM-rbf C=0.1 gamma=0.001,0.1,0.7739,0.0341
LGBM,LGBM n=300 lr=0.1 leaves=15,0.3,0.7738,0.0337
LGBM,LGBM n=300 lr=0.1 leaves=31,0.1,0.7733,0.0347
LGBM,LGBM n=300 lr=0.1 leaves=31,0.3,0.7729,0.0387
SVM,SVM-rbf C=0.1 gamma=0.001,1.0,0.7724,0.0333
LGBM,LGBM n=300 lr=0.05 leaves=31,0.3,0.7724,0.0385
SVM,SVM-rbf C=1.0 gamma=scale,3.0,0.772,0.0185
SVM,SVM-rbf C=1.0 gamma=scale,0.3,0.7718,0.0236
SVM,SVM-rbf C=0.1 gamma=scale,1.0,0.7717,0.0289
SVM,SVM-rbf C=0.1 gamma=0.001,0.3,0.771,0.0322
SVM,SVM-rbf C=1.0 gamma=0.01,0.1,0.7706,0.0245
RF,RF n=500 depth=10,0.03,0.77,0.0327
LGBM,LGBM n=300 lr=0.05 leaves=15,0.1,0.7699,0.0291
LR,LR C=0.01,0.1,0.7698,0.0266
RF,RF n=500 depth=None,0.03,0.7697,0.0306
SVM,SVM-rbf C=0.1 gamma=scale,3.0,0.7697,0.0253
SVM,SVM-rbf C=0.1 gamma=0.001,3.0,0.7696,0.03
SVM,SVM-rbf C=1.0 gamma=scale,0.1,0.7694,0.0233
SVM,SVM-rbf C=1.0 gamma=scale,0.03,0.769,0.018
LGBM,LGBM n=300 lr=0.05 leaves=15,0.3,0.7674,0.0302
SVM,SVM-rbf C=10.0 gamma=0.01,0.03,0.7673,0.0282
SVM,SVM-rbf C=0.1 gamma=scale,0.3,0.7649,0.0336
SVM,SVM-rbf C=1.0 gamma=0.01,0.3,0.7645,0.0275
SVM,SVM-rbf C=0.1 gamma=0.01,0.3,0.7633,0.0375
LGBM,LGBM n=300 lr=0.1 leaves=15,0.1,0.7631,0.0304
SVM,SVM-linear C=0.01,0.1,0.7607,0.0259
SVM,SVM-linear C=0.01,3.0,0.7582,0.0184
SVM,SVM-rbf C=10.0 gamma=0.001,0.1,0.7571,0.026
SVM,SVM-linear C=0.01,1.0,0.7565,0.0182
DT,DT depth=3 msl=30,0.1,0.7521,0.0456
SVM,SVM-linear C=0.01,0.3,0.7518,0.0177
SVM,SVM-rbf C=0.1 gamma=0.01,1.0,0.7516,0.0294
SVM,SVM-rbf C=10.0 gamma=0.001,0.3,0.751,0.0182
LR,LR C=0.1,0.3,0.7507,0.0148
LR,LR C=0.1,0.01,0.7494,0.043
SVM,SVM-rbf C=1.0 gamma=0.001,0.01,0.7494,0.0431
LR,LR C=0.1,0.1,0.7493,0.0244
LR,LR C=0.01,0.01,0.7492,0.0432
LR,LR C=1.0,0.01,0.7491,0.0432
LR,LR C=10.0,0.01,0.7491,0.0432
SVM,SVM-rbf C=0.1 gamma=0.01,0.01,0.7491,0.0431
SVM,SVM-rbf C=0.1 gamma=0.001,0.01,0.7489,0.0426
SVM,SVM-rbf C=10.0 gamma=0.001,1.0,0.7489,0.0206
SVM,SVM-linear C=0.01,0.01,0.7487,0.0433
SVM,SVM-rbf C=1.0 gamma=0.01,0.01,0.7487,0.0427
SVM,SVM-linear C=10.0,0.01,0.7487,0.0419
SVM,SVM-rbf C=10.0 gamma=0.001,0.01,0.7487,0.0427
SVM,SVM-linear C=1.0,0.01,0.7486,0.042
SVM,SVM-rbf C=10.0 gamma=0.01,0.3,0.7485,0.0274
LR,LR C=0.1,3.0,0.7478,0.0166
SVM,SVM-rbf C=1.0 gamma=0.01,1.0,0.7476,0.024
SVM,SVM-rbf C=10.0 gamma=0.01,0.01,0.7472,0.0441
LR,LR C=0.1,1.0,0.7459,0.0132
LGBM,LGBM n=300 lr=0.05 leaves=15,0.03,0.7452,0.0257
SVM,SVM-rbf C=10.0 gamma=scale,1.0,0.743,0.019
SVM,SVM-rbf C=10.0 gamma=scale,3.0,0.743,0.0124
SVM,SVM-rbf C=10.0 gamma=0.001,3.0,0.7429,0.0137
SVM,SVM-rbf C=10.0 gamma=0.01,1.0,0.7405,0.0279
DT,DT depth=5 msl=30,0.03,0.7403,0.0395
SVM,SVM-rbf C=0.1 gamma=scale,0.01,0.7401,0.0282
SVM,SVM-rbf C=10.0 gamma=scale,0.3,0.7398,0.0216
SVM,SVM-rbf C=1.0 gamma=scale,0.01,0.7398,0.0242
LR,LR C=1.0,0.1,0.7398,0.024
LGBM,LGBM n=300 lr=0.1 leaves=15,0.03,0.7391,0.0203
LGBM,LGBM n=300 lr=0.1 leaves=31,0.03,0.7389,0.0275
DT,DT depth=None msl=30,0.1,0.7384,0.0482
DT,DT depth=3 msl=30,0.03,0.7384,0.0428
DT,DT depth=5 msl=30,0.1,0.7378,0.0501
SVM,SVM-rbf C=10.0 gamma=scale,0.1,0.7374,0.0269
DT,DT depth=5 msl=10,0.03,0.7373,0.0303
SVM,SVM-rbf C=10.0 gamma=0.01,0.1,0.737,0.0266
LGBM,LGBM n=300 lr=0.05 leaves=31,0.03,0.737,0.0283
SVM,SVM-rbf C=0.1 gamma=0.01,3.0,0.737,0.016
SVM,SVM-linear C=1.0,0.1,0.7368,0.028
LR,LR C=10.0,0.1,0.7368,0.025
SVM,SVM-rbf C=1.0 gamma=0.01,3.0,0.7352,0.0131
SVM,SVM-linear C=10.0,0.1,0.735,0.0283
SVM,SVM-rbf C=10.0 gamma=scale,0.01,0.7344,0.0228
DT,DT depth=3 msl=10,0.03,0.7328,0.0236
DT,DT depth=3 msl=30,0.3,0.7326,0.044
DT,DT depth=3 msl=10,0.1,0.7319,0.047
SVM,SVM-rbf C=10.0 gamma=0.01,3.0,0.7314,0.0158
DT,DT depth=None msl=30,0.03,0.7309,0.0531
DT,DT depth=5 msl=30,0.3,0.7308,0.0419
DT,DT depth=None msl=30,0.3,0.729,0.0425
DT,DT depth=5 msl=30,1.0,0.7279,0.0261
DT,DT depth=None msl=30,1.0,0.7275,0.0251
DT,DT depth=3 msl=30,0.01,0.726,0.0337
DT,DT depth=5 msl=30,3.0,0.724,0.0371
DT,DT depth=3 msl=10,0.01,0.7228,0.0339
DT,DT depth=None msl=30,3.0,0.7226,0.041
DT,DT depth=3 msl=30,1.0,0.7225,0.0283
LR,LR C=1.0,0.3,0.7224,0.014
DT,DT depth=5 msl=30,0.01,0.7215,0.0266
DT,DT depth=3 msl=10,0.3,0.7209,0.0374
DT,DT depth=None msl=10,0.03,0.7197,0.0354
SVM,SVM-rbf C=10.0 gamma=scale,0.03,0.7188,0.0233
SVM,SVM-linear C=1.0,0.3,0.7151,0.0145
DT,DT depth=None msl=30,0.01,0.7136,0.0305
LR,LR C=10.0,0.3,0.7115,0.0166
DT,DT depth=3 msl=10,1.0,0.7104,0.0336
RF,RF n=500 depth=10,0.01,0.7078,0.0391
SVM,SVM-linear C=10.0,0.3,0.7077,0.0234
DT,DT depth=5 msl=10,0.01,0.707,0.0398
DT,DT depth=None msl=10,0.1,0.7038,0.0585
DT,DT depth=None msl=10,0.3,0.7034,0.0293
LR,LR C=1.0,3.0,0.703,0.018
DT,DT depth=3 msl=30,3.0,0.702,0.0296
DT,DT depth=5 msl=10,0.3,0.7017,0.0288
LR,LR C=1.0,1.0,0.7003,0.017
DT,DT depth=5 msl=10,0.1,0.6985,0.0591
LGBM,LGBM n=300 lr=0.05 leaves=31,0.01,0.696,0.0369
LGBM,LGBM n=300 lr=0.05 leaves=15,0.01,0.6949,0.035
DT,DT depth=3 msl=10,3.0,0.6937,0.0301
DT,DT depth=5 msl=10,1.0,0.6889,0.0274
LGBM,LGBM n=300 lr=0.1 leaves=15,0.01,0.688,0.0389
RF,RF n=500 depth=None,0.01,0.688,0.0411
DT,DT depth=None msl=10,3.0,0.6838,0.0326
LR,LR C=10.0,1.0,0.6826,0.0233
LR,LR C=10.0,3.0,0.6822,0.0166
LGBM,LGBM n=300 lr=0.1 leaves=31,0.01,0.6815,0.0429
SVM,SVM-linear C=1.0,1.0,0.6799,0.0288
DT,DT depth=None msl=10,1.0,0.6787,0.0333
SVM,SVM-linear C=10.0,1.0,0.6736,0.025
DT,DT depth=5 msl=10,3.0,0.6717,0.0461
SVM,SVM-linear C=10.0,3.0,0.6656,0.0254
DT,DT depth=None msl=10,0.01,0.6642,0.0455
SVM,SVM-linear C=1.0,3.0,0.6632,0.0223
