dataset,pid,dice,rel_vol_err
RC_A_val,96e4acbdbdf4,0.8176655081453901,-0.06986256543931098
RC_A_val,3cf5f4e24b32,0.8036354938625383,-0.07929070194052823
RC_A_val,ae85be5e882f,0.6225206302839245,-0.10348505808257663
RC_A_val,0d833719775a,0.6394524564557682,-0.42955854110189695
RC_A_val,4c9df5ef04de,0.7910717684944062,-0.04766550522426641
RC_A_val,d2d1b4b32ad9,0.8364672100584367,-0.13637148281821287
RC_A_val,359273fca917,0.725271246428105,0.2630584863793455
RC_A_val,c75c6abf6336,0.7480881130351602,-0.0004986287708593606
RC_A_val,5475a4b69b60,0.4317147040449342,1.6241186303973163
RC_A_val,a8a4045622b3,0.8264444687953005,0.15670179704915885
RC_A_val,87b7f4e606e8,0.33984735958315315,-0.02907251264559376
RC_A_val,3af481e598af,0.6916227298950426,0.060101375807373715
RC_A_val,00ccdc379545,0.44680361795006884,0.4557176470159324
RC_A_val,f7236cb2c4e4,0.5415427860867877,-0.16950326538130803
RC_A_val,2a52a5cf75dd,0.8035359115430176,0.08045977010261153
RC_A_val,8f992e07f0e7,0.7901437198746908,-0.10928983488941138
RC_A_val,f2a102e31473,0.7342900582138592,0.2575973210505216
RC_A_val,f37b65285193,0.23353524938028306,0.14826607599167535
RC_A_val,d3c79723520e,0.7334404760274844,0.47510561006500807
RC_A_val,dca4c8c8e7a1,0.6884495697704146,-0.3347050753948018
RC_A_val,9b4b25b82916,0.5033970360163933,0.022256146551321215
RC_A_val,383c9339f3fe,0.6958453529395588,0.2023513947566561
RC_A_val,6508b27112a7,0.6803530314472,0.7993554821760641
RC_A_val,f27b6d2a9292,0.44915721727094216,1.2217614532758925
RC_A_val,965e53928e1c,0.8152095144633701,-0.10642720209653057
RC_A_val,9cd7522a8e8f,0.7852844468772701,-0.16391388538968973
RC_A_val,13e8289fbc25,0.0,0.8622972524226584
RC_A_val,3755e56cd416,0.8643390878588909,-0.0341449375463749
RC_A_val,5f10172f1685,0.6515709889194342,-0.4453041937126223
RC_A_val,35677940788a,0.0,-0.9999999997364954
RC_A_val,df48a1ea84cd,0.7459143805245996,-0.03313501900375413
RC_A_val,15a926f66829,0.7047349685129597,-0.4432551430620773
RC_A_val,368605a47c77,0.8058921358719108,-0.2426935464486047
RC_A_val,55e139fa5f53,0.7458019225102388,-0.31194451923566224
RC_A_val,406e388212f9,0.8858462553500261,-0.16666278934124315
RC_A_val,a0d29773da73,0.8091884493960586,0.003797812459992662
RC_A_val,ddeda054c277,0.8138334745279628,-0.02832301909608098
RC_A_val,787ba556c67e,0.5712448559303469,1.3323334044713233
RC_A_val,10c4d6ef4620,0.5389642538598394,-0.12877524549483274
RC_A_val,dd8cf2855f78,0.7946562592622851,0.3767392078570321
RC_A_val,61225232beca,0.8007552447440455,-0.1466120586824975
RC_A_val,9e62ebdc3b75,0.6528056831111365,0.6044946969768493
RC_A_val,d80666bfd7f9,0.6637960900438606,0.2588038009772159
RC_A_val,2ec758e4275d,0.6822112414807671,0.6400326130615539
RC_A_val,678e56246fc1,0.670622761763755,0.2917882697990876
RC_A_val,d5e1e99187e7,0.9073818275360268,-0.09138031189750703
RC_A_val,bda68e15d07b,0.7164785761463799,0.6993184273668307
RC_A_val,412f6420702a,0.748668978177899,0.6368405275461211
RC_A_val,10c3a9b1718e,0.6942127384266793,-0.4560218309941754
RC_A_val,2307af54a245,0.559326402563852,-0.46955950026698756
RC_A_val,8d50873b20e1,0.7202885911075759,0.34420592878503803
RC_A_val,eb26207f2f2b,0.6541656545710874,-0.500946693817292
RC_A_val,79b1f4aa1331,0.5109280105020724,-0.18945230423102308
RC_A_val,be3ced816aac,0.736335788948727,0.13576642335032352
RC_A_val,167ed5cd7528,0.31402225397813777,2.8039585293114366
RC_A_val,f1468db53560,0.8668871738012904,-0.10989163655807921
RC_A_val,23ce305469f3,0.7204360217650665,-0.4367232079702397
RC_A_val,443479ea1995,0.8458246310526304,-0.08979725310073268
RC_A_val,265b29a0e389,0.7366614137672127,0.4839059168740116
RC_A_val,e5838317a748,0.644830221616449,-0.09478574399564653
RC_A_val,761b0214055b,0.4883359253195436,1.5485651210709568
RC_A_val,85c917e0ba4c,0.7692143694565395,0.13690205010869771
RC_A_val,6456b1fd5260,0.876786168297056,-0.01804071759634949
RC_A_val,297100605187,0.6737318653951458,0.8456958812370001
RC_A_val,51a16d1f4413,0.7973816803411833,0.007694968009018245
RC_A_val,8c17510f4e90,0.6134544891004463,1.0798219111019522
RC_A_val,6de768113ad2,0.769620953575135,-0.22041687180203373
RC_A_val,730479cef15b,0.778365240042368,0.3848452252783302
RC_A_val,48466eadb336,0.8491352271518698,-0.12737036414971595
RC_A_val,cafefe666734,0.8268493047993628,0.2633094743863746
RC_A_val,9e01261fa775,0.9068295390442166,0.14098906320946525
RC_A_val,bfca7b8e2b3f,0.7463923317037185,0.43969504878878746
RC_A_val,04dabc36c348,0.7862830481992802,0.26983902851349056
RC_A_val,000339fe96e5,0.33910318584126303,3.7833872699496465
RC_A_val,7f3aa14827df,0.6105930284644099,1.046896551435339
RC_A_val,cf27ac90f118,0.38507739117912215,2.8654737380451243
RC_A_val,f5fcd48e596d,0.7841588431901552,-0.18044374631139037
RC_A_val,1e8db4ae0f74,0.5198711715933437,0.653123740374597
RC_A_val,d58ed86d9da1,0.3978096311485094,2.6825037697275627
RC_A_val,a96f05d7a5b9,0.7123689615430561,0.3592825676300011
RC_A_val,9e2c2c1dc9d8,0.561733403304456,0.17287151299669484
RC_A_val,f83107993ef2,0.6737567987240795,0.43519394507625425
RC_A_val,532c02a10efb,0.8243422360523504,-0.052152585036721336
RC_A_val,498f3e8f8724,0.2517445588528632,2.36323238934114
RC_A_val,3a40a040ac9c,0.6216954488345897,0.5805256869079419
RC_A_val,46914fbad1a3,0.8177473970436486,0.16505652619629624
RC_A_val,eed5529bc30e,0.5534020059261723,0.7050412464335396
RC_A_val,e0bcb246ffa5,0.6943938138252199,-0.26878944346253686
RC_A_val,44853c1b5728,0.6410390931679776,0.5106170671146077
RC_A_val,bafb3c0da40e,0.7722592023227934,0.3605962932634171
RC_A_val,acce6a7dd443,0.8240362811479955,0.19076005959672462
RC_A_val,4f76946aa484,0.38785951726007056,1.366582327621002
RC_A_val,9885206948c0,0.833608532040343,0.27103952786186514
RC_A_val,5e5fff21dc6a,0.493324006189564,0.9034793358439174
RC_A_val,230932ea3290,0.6389695550052005,0.3068611560986644
RC_A_val,623b8788f1f1,0.7897119858888909,0.3823220973496388
RC_A_val,6efc0d7cb0ea,0.707823901785439,0.7796359728135109
RC_A_val,30381d5ad518,0.5802204502312135,1.1085675363192298
RC_A_val,7e909ea8ec6c,0.5406137605427337,1.395020615065807
RC_A_val,2c2d18efa543,0.6217927792445717,0.6259214811738452
RC_A_val,7247d9dfc436,0.7892542354781956,0.08874435012188599
RC_A_val,e09c44adf166,0.8286669271082534,-0.14292623941670846
RC_A_val,ff214940e8c6,0.5105169340235955,1.737508327492087
RC_A_val,4012b43864a4,0.6242618017561734,0.7137242892505627
RC_A_val,e633352d6362,0.8399999999511628,0.021626704275784354
RC_A_val,c79400fbab29,0.6587582806818505,0.24037276267243365
RC_A_val,76a7a54f9769,0.8595653316786529,-0.07197769704857744
RC_A_val,766b896abf7b,0.661308860102399,0.4224480043129413
RC_A_val,6c6c3cd3742e,0.704622411157995,0.27743902434048795
RC_A_val,fea5e3647d17,0.6975102793829925,0.20055571386430923
RC_A_val,1f6d5ab7c389,0.7858913059607507,0.26213262357652567
RC_A_val,d65142bb1c19,0.3741045905372758,1.7558418590683538
RC_A_val,1bbf540a4bee,0.7892219441965888,-0.014297302778099484
RC_A_val,dd1e7581251b,0.0,2.860977079957486
RC_A_val,17950c38bdfc,0.7282046458794224,0.5587775236964532
RC_A_val,22aeaec8722a,0.5834251755681593,1.2117573569397726
RC_A_val,d82d8293ac8a,0.47001612823249067,2.201437371437224
RC_A_val,b712be8efc1f,0.8476683217872958,0.19220522187773423
RC_A_val,1985c3112a2f,0.7377999704220068,0.6557756063228156
RC_A_val,919f69d89523,0.7202183661356937,0.34562396385150496
RC_A_val,22a0a5ed6435,0.725359362461381,0.3980067659871988
RC_A_val,9f01a6068a2f,0.6123625702269152,0.5158276476417832
RC_A_val,39410f85cbaa,0.21915238337007312,1.2747835796495997
RC_A_val,6bd5f0a61c42,0.4655035385750009,1.1531026252295284
RC_A_val,73998685ece6,0.6335923490482729,0.39959839353608734
RC_A_val,e25c46aa5e49,0.8284271032740719,-0.22945258287473197
RC_A_val,64ea39d2351b,0.6717733008336607,-0.31039126204006945
RC_A_val,95792eafa9f9,0.5220505338204091,0.6936405857996354
RC_A_val,2f8e28ca1c58,0.7867552506657999,0.28949950925184015
RC_A_val,bea7edb57cf2,0.8581742008929213,0.19820745795345115
RC_A_val,45ce1402bc74,0.8026094583582595,0.3120537411672629
RC_A_val,51e9f0de17da,0.6606895721366695,0.9998194944043647
RC_A_val,019b4022249e,0.7065754293421591,0.7932911391400896
RC_A_val,ec4aeed0d1c3,0.0,1.3650887569925774
RC_A_val,9f7f3434a3ff,0.8230222642907142,0.3991362654393526
RC_A_val,48c996d88af9,0.8862842790744638,0.1293534501443822
RC_A_val,ddbddee5c72f,0.663280116095263,0.7049441785851464
RC_A_val,77176e1087f2,0.5968784564189042,0.6999137301280832
RC_A_val,ae507bb091d7,0.722788061255744,0.5239745165391779
RC_A_val,99ef3f590c66,0.7358057557090052,0.5666489956666874
RC_A_val,682512eb2fc0,0.8765937101339621,-0.07367990175636104
RC_A_val,9d97500af9c4,0.785126631392347,0.19411040372569074
RC_A_val,debe4479d1ca,0.6394343583846044,0.27172616958183865
RC_A_val,9267c43766fa,0.5190847423175284,1.2608121491201045
RC_A_val,c846d8ca2e13,0.631341973714672,0.8887460043028715
RC_A_val,3689e3f5eeb8,0.7005275939745194,0.06359630173130594
RC_A_val,9c7ae94c0495,0.5939123979049764,0.44876110958465115
RC_A_val,d6e3182dc762,0.6311188811093695,1.0136712539849357
RC_A_val,8ed74092713f,0.1445054368703104,2.487135236704806
RC_A_val,8c1c9bc430ea,0.7439896798259648,0.47601993899840195
RC_A_val,aaba745224c4,0.8371697821074332,0.09245191529134444
RC_A_val,ef7d6feda3ee,0.7877511228580525,0.34888570842981453
RC_A_val,b3ef8673413f,0.51206132107071,1.7015299021692547
RC_A_val,7d793f395b9c,0.7030519382396537,0.18656552329669274
RC_A_val,71924d9b8d72,0.6886311720058387,0.8078283035270267
RC_A_val,f7c5374cfbdb,0.8767572553357915,-0.006028610354018099
RC_A_val,14db286fe6b4,0.7397076669370287,0.4293131517389311
RC_A_val,60064c276361,0.867788370227154,0.12222252075224421
RC_A_val,67718488630d,0.762463889641771,-0.24178044782950406
RC_A_val,861e60597280,0.636272642128563,0.2519450301569152
RC_A_val,9a88cf24a80a,0.6370581210738078,0.6594883842051906
RC_A_val,63c0bf5d1072,0.7568294408880201,0.32988897436902886
RC_A_val,d227b38a404b,0.5456179102038254,-0.49591756289791555
RC_A_val,829eb53a11a8,0.7201383525182152,0.022342954158833854
RC_A_val,4b8054ae6292,0.37216319032059797,2.835394861136887
RC_A_val,8771d44c59df,0.7867376176617072,0.18411014422552688
RC_A_val,f4932572fc1f,0.6519564121203724,-0.07588419638293656
RC_A_val,2485931b3aa0,0.8305072589896776,0.14257803924699086
RC_A_val,c8eaadbdfce4,0.7780373829503395,-0.24769703160302095
RC_A_val,d7186200417f,0.6998856801853998,0.7857934089735673
RC_A_val,742db5138f2e,0.7503562128064484,0.5858213695101231
RC_A_val,85147c879e66,0.8510387569646684,-0.2175198381742057
RC_A_val,585612534119,0.8070689794928684,0.3563615428216539
RC_A_val,94a14275f8ce,0.0007537214998347728,1.4720314028550765
RC_A_val,65e59fef8864,0.7632284590462275,-0.292364635391599
RC_A_val,a8bfe2ba043f,0.6504533829039547,-0.48449612399686426
RC_A_val,5da72e23e35c,0.8448067934841371,-0.0844520146901107
RC_A_val,b00d9e6ee071,0.7239577663893557,-0.3027111911550177
RC_A_val,f519f96fde39,0.8680030913226818,0.01336889905009784
RC_A_val,427ac9d4bdfe,0.6451742224085399,0.9935993598366237
RC_A_val,302688160f8e,0.836315524186962,0.2146332955399907
RC_A_val,5a7fc6f81a12,0.796753043959042,0.1550883094776975
RC_A_val,ebca0ea503ea,0.6338666666384948,1.0372570192984263
RC_A_val,de0aba171e62,0.30244407291209124,2.0402058536442254
RC_A_val,ae04fc7d6166,0.7634519158165268,-0.004568333515576968
RC_A_val,5ae1482e7890,0.5904618473599166,0.8579626971509379
RC_A_val,f61da7693ed8,0.7322381499704679,-0.2708521801572549
RC_A_val,f4761f27794d,0.44108544514729375,0.7820064885472914
RC_A_val,6a0cbd554b3e,0.47451629901990294,0.9285123738671381
RC_A_val,71b0e19aaf7c,0.7486841129531958,0.2632550335349618
RC_A_val,c000c3972918,0.7163868991898744,-0.3090791419832582
RC_A_val,cb2f867c30ba,0.6995560966091193,0.5586704653159099
RC_A_val,ab2a97388cc0,0.6311224889467066,0.6451768932666406
RC_A_val,2ce365673835,0.7817972404207085,0.3802942986415099
RC_A_val,dc59819cd397,0.7148312826850886,0.2049867722545089
RC_A_val,af3a556adcb3,0.8734425201102232,0.09746877052967311
RC_A_val,8ac68be9b80e,0.38073246199691807,0.9264765507600383
RC_A_val,34e754db9d89,0.6402922430965221,-0.3526248399262084
RC_A_val,3073bd8e3bdc,0.5733232505297348,0.940265959681008
RC_A_val,351ca2886d37,0.4414789544754187,2.1718292167911617
RC_A_val,2b5d7bb5ede0,0.6828411122546754,0.792767972381165
RC_A_val,e6f6fb78c1f6,0.3443964537003414,3.8072607235595637
RC_A_val,0e1f96e23f50,0.5548040485308484,1.1050044681929547
RC_A_val,bab1c647f801,0.8071345789409182,0.36256177371693854
RC_A_val,96d5da85e151,0.6908117470793319,0.20102244171206807
RC_A_val,3d342e771655,0.7226466992586159,0.08992403677053804
RC_A_val,38fcc95df3a1,0.5260822357426691,1.6244332276820572
RC_A_val,12df834faf18,0.8335469338453232,0.10867250838962114
RC_A_val,b805137b19bd,0.362770100619521,0.21864994077728628
RC_A_val,70fad7dc502e,0.0,-0.5351201477918792
RC_A_val,d9d9ccd3b6f7,0.8536711300521954,-0.018484414431588266
RC_A_val,3fe6d62955cd,0.39314296536472304,1.741495393029501
RC_A_val,f05a92d7fc26,0.539301680704564,1.6022831514012554
RC_A_val,49af6f5e5d8e,0.39062094423930377,2.7647382159179967
RC_A_val,1c96cc97bd76,0.8164617664832056,0.15582706766185023
RC_A_val,be27c00b389c,0.8220671319193072,-0.12484420439863547
RC_A_val,f97355f4d480,0.7030740406145948,-0.1831820473798308
RC_A_val,032709c08303,0.6074109953248473,1.1292156115463374
RC_A_val,3fbd8b426074,0.814566929080409,0.37457151754836837
RC_A_val,14cb64ef71f6,0.5495054081284318,1.5483024435708868
RC_A_val,b52e079ee16c,0.7740037442959614,0.48290059097663185
RC_A_val,0fd907b8578d,0.5585835033110913,0.6612371532555289
RC_A_val,402096742342,0.8767218588509307,-0.06410774409911006
RC_A_val,3981e50c1d6f,0.7913866924776889,0.061795218760113714
RC_A_val,a7a8466f4781,0.8078448985097803,-0.06082159964278972
RC_A_val,ee8b02cc4162,0.7638200443391484,0.2535106382709031
RC_A_val,2f0882c8a67d,0.8373885810446304,0.1614162978306995
RC_A_val,19ad2f71e80d,0.4666913549575488,1.7684912386775482
RC_A_val,fc7a78a27a68,0.7017967688005537,0.1771860617820309
RC_A_val,5fdfde56db3b,0.7838752389607363,0.14416403780941198
RC_A_val,bdc1d1ae8635,0.6884010909613715,-0.3067956893981096
RC_A_val,3866a6d0e7f4,0.26517708211081975,5.014693876186478
RC_A_val,49a993ee0aff,0.8758604505289479,0.17377996937818568
RC_A_val,02ce839775eb,0.8079033552213785,0.3880975811680687
RC_A_val,ef7aaae4c1c7,0.6925441966829946,-0.02928553394867823
RC_A_val,ef8620a80ef9,0.7808126393596541,0.07234331135740556
RC_A_val,54f4e61cca06,0.5375252270349155,1.5840867991871561
RC_A_val,64908760ac33,0.8716737194404924,-0.004403688736690307
RC_A_val,53b6930ad6c3,0.1372210346278372,8.421493493419801
RC_A_val,02580663e442,0.36477987419335245,2.474371858674781
RC_A_val,f34f610570dc,0.022388934474007867,2.4739878328889247
RC_A_val,e0709baeec61,0.7377674452127659,0.59585101361661
RC_A_val,171c1098f5ed,0.9286855773020781,0.020539958740463944
RC_A_val,e07308e42292,0.8602878312603203,0.0615407211528574
RC_A_val,9ca943593b1f,0.8180586907185405,0.020985401458486354
RC_A_val,ea4b458cee49,0.8444862403066479,-0.21645480224077907
RC_A_val,80ec28a5bc23,0.20493378896812614,-0.6709247036639753
RC_A_val,1e5c0a1e5de5,0.5431830526660602,-0.1079136690562168
RC_A_val,b93f6ec5c176,0.8915652790538006,0.12682757019822385
RC_A_val,5d0c9d113bff,0.7182005836458751,0.3087921117248322
RC_A_val,2397fd599456,0.6119364086348729,0.7894184167375268
RC_A_val,a1b4fb219a53,0.8245000698626416,0.12669144979528751
RC_A_val,a5ffb2c9df7c,0.7129047943068578,0.6566940525677314
RC_A_val,dde7774eb20c,0.5733982156758517,1.1912002584305403
RC_A_val,10cbcc28f950,0.6280033139366193,-0.021311475405468957
RC_A_val,3ca72fc4932e,0.7787023397064579,-0.2669564617340105
RC_A_val,669ffc3c6fde,0.0,-0.9999999997493735
RC_A_val,e9642f31f383,0.7847086852085002,0.27662721886670927
RC_A_val,920565c7c40f,0.6561967833180606,0.9770454864135972
RC_A_val,d334a924d157,0.5274974151677664,1.0126075347059318
RC_A_val,35ed1f25be16,0.37688505888013113,2.9535467652520104
RC_A_val,49b2b1981cbf,0.8024799598695842,0.16368563683418894
RC_A_val,d40d8ac56731,0.5095674545337219,0.894577612079456
RC_A_val,1f4fba692282,0.38891446456229495,1.3930021863814426
RC_A_val,7042d35ebf97,0.8687952197232355,0.0777054820075009
RC_A_val,013e2558149a,0.8104270917874848,0.08500485279157191
RC_A_val,96dcbd9d355a,0.8361435364422672,-0.01203266007476737
RC_A_val,237aab9af41a,0.8553050214118375,0.1902742008642422
RC_A_val,86d8f4d131e6,0.7695651265253008,-0.1021258031232227
RC_A_val,7f8a49a1c0b5,0.8917963003397321,0.03244378001741646
RC_A_val,1ffe7d49846e,0.5726948230703903,1.3266656039746043
RC_A_val,3193cb543055,0.751999312032333,0.2419510314013928
RC_A_val,f5f2e4dda0ef,0.8762258149681487,-0.026821068358100778
RC_A_val,77870f7984c7,0.8478648521422869,-0.1987997633168118
RC_A_val,7d8e595bf7bc,0.7360397945494191,0.505326633064256
RC_A_val,77108c0d2a46,0.8608869356427932,-0.05773259873843931
RC_A_val,2a7ebe51214b,0.30397929901464693,3.6353524019783743
RC_A_val,f099199b4421,0.7963558413533632,0.295448467652808
RC_A_val,459182c65454,0.7849115696208339,-0.21337173420228875
RC_A_val,29b9c679386e,0.7080246913033932,-0.10554012569718753
RC_A_val,1cbe363f9ffe,0.761284170254087,0.32864544769480186
RC_A_val,78bb48e65ba2,0.747178329526721,0.362003648047986
RC_A_val,bc31dd119798,0.8032752879436293,0.2579253562032755
RC_A_val,913037d873ff,0.68193246429111,0.8425508520239087
RC_A_val,17e9334efc69,0.6969972702305777,0.4515615041187826
RC_A_val,9dddea58af00,0.5345371365103362,0.8700885307435547
RC_A_val,37bcf95267a0,0.8135870982007973,0.07152225908218801
RC_A_val,17da17129493,0.7951188536817007,0.3894056335913051
RC_A_val,6b656ca81743,0.49379028450764106,1.7494842317272372
RC_A_val,fd590efe1ca0,0.760315486205187,0.3749719584096698
RC_A_val,3fb5a039f514,0.7645993852568481,0.46943231436167265
RC_A_val,c6b39a98b6a1,0.8732318104709931,0.073393207967378
RC_A_val,f565a0813666,0.8895266478854696,-0.1631804818651985
RC_A_val,cc352e104cab,0.6347213067063502,0.7916848605579289
RC_A_val,e6c17626069b,0.870642488632537,-0.048058585700811764
RC_A_val,98da96190b5f,0.6110121582427777,0.5339481945577025
RC_A_val,3ba3e391a3aa,0.7804546227390652,0.3608422179434874
RC_A_val,7f5d79c65012,0.8812591270199169,0.03010738520125783
RC_A_val,36fb1829cf77,0.7549475773814296,0.4162794183624539
RC_A_val,2d366fb3578b,0.2831448869303886,-0.8236990392618421
RC_A_val,bb23ffe1de54,0.6679114430217875,0.5399728996680248
RC_A_val,9f1e797aef79,0.43801586663843195,2.046368352456814
RC_A_val,f1a92ed3e671,0.6488360124625552,0.3329213602057657
RC_A_val,7bdf87492097,0.5063206548696152,1.5175318312404442
RC_A_val,4b2f6c2444d7,0.6649103548726739,0.3471315698476242
RC_A_val,eac2be2f0e1c,0.7586966787105714,0.18481326087180594
RC_A_val,d69d4b4548d7,0.838239949284723,0.2878870178729156
RC_A_val,6ec13b8472bf,0.5917334250652556,0.6120501518844602
RC_A_val,b04d89bc27a7,0.8115290473644273,0.15026852844787664
RC_A_val,609a7ecad91c,0.4921445307561439,1.7105335406140263
RC_A_val,fad52eb1d591,0.7638591380017197,-0.3257782240477852
RC_A_val,50f4c14dc98a,0.44995803990039196,1.7569568194987035
RC_A_val,d6caa28d27c4,0.825487398918191,0.13364692859863062
RC_A_val,a575c5f524e8,0.45278032664882434,2.0652044162839145
RC_A_val,561f070a1367,0.8355057631330921,-0.04814970562486339
RC_A_val,0ec8abda4576,0.4681828623668629,1.7102066904516924
RC_A_val,c12fe5a51b42,0.5197917409414524,1.4947657027050392
RC_A_val,bab753ae1ea2,0.7596792982676736,-0.3619015546746421
RC_A_val,5f41ca684e0e,0.7817861606413536,-0.19707057255981406
RC_A_val,3b9e4cd20d40,0.0,0.6334276797566276
RC_A_val,dd28dec74ca5,0.8881690574665919,0.051906947293573834
RC_A_val,af2b379334c0,0.38401909499108805,2.769496754826604
RC_A_val,cbf5eba51b57,0.3752581423608455,-0.4332215811463737
RC_A_val,b7ada1ec0b0a,0.5097729516086961,1.772530909910244
RC_A_val,e60371d70a70,0.5901204818921614,0.4340175952442789
RC_A_val,e97c1d70c4ef,0.4780512328219636,1.5076146199496943
RC_A_val,d34fed578b3e,0.31402646772893783,2.617155157705389
RC_A_val,4a2fce9a0860,0.7134061337875577,-0.3578786722283595
RC_A_val,13ea8191df16,0.6519063409453959,0.9189314848083633
RC_A_val,dbb4243e0310,0.7038262322237652,0.6704444047233228
RC_A_val,a87b2eacadfb,0.6760060253781793,-0.06978193146127593
RC_A_val,bd966a922e70,0.6200852099439996,1.2058536583012969
RC_A_val,65bc5b93a479,0.5771262463483535,0.22405283279638144
RC_A_val,a26c779944ad,0.7638560545860352,0.38908064003936604
RC_A_val,db6226eb0ea5,0.7884534597138299,0.23694455628447514
RC_A_val,945525e08d7d,0.7333204158927004,0.4283249685651937
RC_A_val,f88219e8f4d2,0.8129859820598154,-0.09040015158406284
RC_A_val,e281f9e71901,0.6597579780891802,-0.23176818559405285
RC_A_val,c14963993c2f,0.13746125567153963,4.525399810788946
RC_A_val,9290cef82980,0.892513456181903,-0.039752744322724465
RC_A_val,ee011ee91e99,0.7104225741506873,0.7832531279323144
RC_A_val,130dd01537c3,0.8851184833983393,0.0989455534153808
RC_A_val,6f64064ff534,0.4685576854729746,0.7439829191102517
RC_A_val,47e6cc7e927e,0.7093163422843709,-0.014700854698341733
RC_A_val,43d1c7cab0e2,0.6091452205649072,0.5835559512631289
RC_A_val,74e2986295b8,0.0,4.17786069391924
RC_A_val,8d3d1f41d6f7,0.51541886770154,0.639004452183125
RC_A_val,5cf8f7e50760,0.8723481507924504,0.05928220465079233
RC_A_val,05e6c7e1fdb0,0.0,-0.8194684153194793
RC_A_val,0b79022539c7,0.6906274695530069,0.724806201487958
RC_A_val,e05076a01036,0.6275566610953872,0.4666780295778629
RC_A_val,752ca3b9dc20,0.2798159583399983,2.2748447202025304
RC_A_val,1b5c7835a548,0.7136277202318349,-0.10801087303261825
RC_A_val,941ee7744483,0.6999569521416318,0.22456308349902726
RC_A_val,381ec811fffd,0.3839298652230137,2.946953404489793
RC_A_val,14b557bbd70f,0.7139071915793864,-0.3506593958947032
RC_A_val,2ae4356fa71a,0.8066352450996734,0.2893778026500311
RC_A_val,213290fcc4a0,0.7863493661084389,-0.13230982700059732
RC_A_val,0962e3dbb93d,0.5269244412725461,0.04171796914306381
RC_A_val,5ba03c183bf0,0.7831050227714532,0.48064942411163875
RC_A_val,586e84dd109e,0.6835483230709328,-0.46109210846850124
RC_A_val,6cc2f3514cf4,0.8329368009331461,0.23228130150311782
RC_A_val,091610e5c0db,0.5026981834382688,-0.5766983988991022
RC_A_val,05c62459a51d,0.7488027468882985,0.2193923593593005
RC_A_val,112931fb2934,0.6141429405291018,-0.019521153583218532
RC_A_val,f14b358f246d,0.6637582692414176,0.2957885230854783
RC_A_val,65db3c056375,0.4658681185610195,1.605391729052051
RC_A_val,e9b4752a2255,0.5617601818957834,-0.5830032408964047
RC_A_val,da6f8e48b973,0.873026370138339,0.13671288526567932
RC_A_val,c3eb8bc3ac0a,0.5155018778921054,-0.6021494307178739
RC_A_val,1a042ee8887f,0.7079469786104955,0.4702536509653722
RC_A_val,0cf7ad00d2a4,0.5901329217804197,1.2450726978327908
RC_A_val,1d24bc4197d8,0.5773217574018773,-0.571052631536011
RC_A_val,f08d56b1f81a,0.7609550152306773,0.4865158370160152
RC_A_val,f487038e03a6,0.7345119812706563,-0.06297318332533976
RC_A_val,96b7f5f59742,0.0,-0.5801314176879239
RC_A_val,d2309b33456c,0.0,-0.18929450365272876
RC_A_val,0e51a71c6c43,0.17996445606772382,0.2956839166210685
RC_A_val,a1dedb34a65d,0.786140979595443,0.15554983256359778
RC_A_val,53edc47f9efb,0.836984775239883,0.23053561561829497
RC_A_val,0189948091e6,0.4124749790093308,0.9976385877594596
RC_A_val,6ae3e5b5b09d,0.7433809325263554,0.18832110737335483
RC_A_val,a1029bd6d571,0.42121985813212937,1.8676761022892963
RC_A_val,403aebeb4534,0.5309431880567599,0.25329356198691355
RC_A_val,952845cfd38c,0.5462006702314341,0.29097461606221015
RC_A_val,9e2a21127dcb,0.7743258834761623,0.07787249155763874
RC_A_val,15f6f28a69ea,0.5205381931714573,1.0215100019312733
RC_A_val,9bb03eb2a306,0.831972549057202,-0.21248042456471897
RC_A_val,61bab495da4b,0.4890440534592989,1.466125308377826
RC_A_val,1ed48abaa1e3,0.5847755004269723,1.0670824924437667
RC_A_val,a2df40604a14,0.5329432973729398,-0.3391333822756266
RC_A_val,8c147d4887c0,0.8531611845038856,0.14884949904779812
RC_A_val,a40ac6626576,0.5462121460498635,1.2201796089571917
RC_A_val,549cf426c417,0.6430902009637838,1.0658276860065092
RC_A_val,48003938e0b8,0.7922906871503475,0.15492485237822565
RC_A_val,aa8f99beb634,0.5427091477451764,1.0299082023941504
RC_A_val,2a75f402b81e,0.8159444953260916,-0.10575909738356214
RC_A_val,a8aa4b3648cf,0.7794928334741184,-0.09072729185446507
RC_A_val,9118b53e39d6,0.4197823567747808,2.006243329668824
RC_A_val,6dba21d7b762,0.6782231852164519,0.8077469071572202
RC_A_val,4e51318bd6a0,0.424227293133059,2.515670799883727
RC_A_val,4082f1efebf9,0.19814724522689933,-0.7486272116231083
RC_A_val,71a690bc57f1,0.5531888621178863,0.9643118593553887
RC_A_val,a2e6b53e59e8,0.5748204639265991,0.89437863288594
RC_A_val,a868c5447fcd,0.546845452959135,1.304174950113011
RC_A_val,25aeaca5bcd5,0.8734512132022223,0.19326987720911257
RC_A_val,260887f3ce17,0.12173913041653085,-0.9351851850358899
RC_A_val,45ea6d23d713,0.42127335104436264,-0.28897586422407834
RC_A_val,75eacb324e90,0.8106668638972272,-0.0346732572483337
RC_A_val,edc1901105dc,0.4412817453177704,0.3012355363206049
RC_A_val,fbc6e7742e32,0.7935128325997949,0.0552067827289362
RC_A_val,58662f7b9e50,0.0,-0.8910973083041206
RC_A_val,8c4c3df7e00d,0.4980173398415204,0.3219413232955772
RC_A_val,88a223d51e94,0.7648666834728558,-0.25674486802577917
RC_A_val,ecc1db8a7426,0.8494671239287261,0.21580323581402994
RC_A_val,44e446f704c4,0.6588631923772944,-0.14153125457058904
RC_A_val,86e9d8c88302,0.8608518212624994,-0.11235862972362247
RC_A_val,4cfc1a79be5b,0.6773073393273643,0.9028007775612786
RC_A_val,4de68c76d8f7,0.7842446913636196,0.39388951073985057
RC_A_val,9a4e5317372f,0.3230235877694906,2.974974635449789
RC_A_val,364bf6a0de43,0.6409863776346627,0.9574192788944645
RC_A_val,4c7dafe284e4,0.7577319587507567,0.5320416683339937
RC_A_val,157fc49cc252,0.8135776923434044,0.04287439613095064
RC_A_val,086e0946cec5,0.7424361184556798,0.5951993489432059
RC_A_val,8b3ebdd57576,0.7909327856886923,-0.03948590894708223
RC_A_val,1b4e488086c6,0.6945277440886763,0.6338225408562725
RC_A_val,4e8d17fd4eae,0.6900072469491907,-0.003632973250912006
RC_A_val,6672d097965a,0.390757169362969,-0.7301545716053082
RC_A_val,8e891de991d7,0.8654875751997383,0.24680603946849128
RC_A_val,891637c1c80d,0.714049487366163,0.6836372437724998
RC_A_val,741525ed7640,0.5277850247618148,1.715947648777517
RC_A_val,e8a3f2c35c3b,0.7203392401026435,0.1781627421419942
RC_A_val,f14be55f7f57,0.5493662597504942,1.574222667872432
RC_A_val,c9e9b8cf3635,0.7772747987003714,0.4122389153233976
RC_A_val,121e5402a0bc,0.6350553198305027,1.0260541219602197
RC_A_val,d5fc79c2a27b,0.6779566129844666,0.7081490839282186
RC_A_val,f884a2875adf,0.8245840693747308,0.33871862857873103
RC_A_val,299a05147a0b,0.7374231040256419,-0.17925447139280792
RC_A_val,378fa7addff1,0.8956277645076715,0.04683555323001344
RC_A_val,7011cfa1e67e,0.5732327836152609,1.253788491546471
RC_A_val,4d4eccabd820,0.36074561400212485,-0.5100068072825041
RC_A_val,1eff426078f3,0.7261237892677468,0.27717732812132856
RC_A_val,83263611c9d3,0.6913795608821951,0.597809667447957
RC_A_val,0e4f13c4dd77,0.23514017889197236,0.16520365983162863
RC_A_val,9deaeccc0aa7,0.4665886417841727,-0.4081795599353992
RC_A_val,a78d7e042a87,0.15459922494854178,0.5503250973861313
RC_A_val,9ef4533f8a8c,0.7753075943667668,0.3724207347385585
RC_A_val,3c74a3d4fb5c,0.7044123099479268,0.4037433154720371
RC_A_val,1a7750404801,0.7543521680976405,0.46032392194294075
RC_A_val,278d7c69f8b3,0.5675526023577585,0.251870324111013
RC_A_val,c5d685dfa87d,0.8701970364923629,-0.04448718743907134
RC_A_val,4cc5e810952f,0.8013409923970957,0.15574151556756935
RC_A_val,194a513d5694,0.7183288409098443,-0.23149113656614162
RC_A_val,e435ea59b581,0.736470138777013,0.22716959726126137
RC_A_val,39f23f3f1787,0.8851540615750614,0.13849287167383575
RC_A_val,7318161f15f3,0.7695948895707715,-0.29517765502036364
RC_A_val,5d42ffb568e1,0.5293111491077253,1.5110100089616916
RC_A_val,5a340567d5f4,0.8921347534645202,-0.031081358014134752
RC_A_val,fb273dc29fb2,0.8668793699771312,0.13461817126001765
RC_A_val,2e8dd5b21e6e,0.7258955622236771,0.2191022344830725
RC_A_val,e19cc352b97d,0.6148923076544681,0.7973833704945114
RC_A_val,b1ea2f5e2d57,0.6552614589529324,0.9096031930242772
RC_A_val,b8233a9b2ecf,0.373766535950925,2.7760856140382706
RC_A_val,37d7d0afdb11,0.5586686006138889,0.9422731354577104
RC_A_val,3120ae58b41d,0.5845235328712346,1.22066781800687
RC_A_val,1d8e7cc35b4a,0.9123390712819203,-0.03914338391439914
RC_A_val,1060849daae4,0.863455895008482,0.04609271522771808
RC_A_val,4b9b941ff06a,0.4161465884885972,0.17798627001473746
RC_A_val,60ad1a3dbdd0,0.8520602648662079,0.12456613955859386
RC_A_val,63d9f9b5723e,0.8805691289967973,-0.011999999998285714
RC_A_val,baed1503a6be,0.7623921331765611,0.5599794501515594
RC_A_val,993f0d9c09bd,0.6699668332919179,0.7243425487897043
RC_A_val,db8b5d41b78d,0.24661302522201958,5.830371563903946
RC_A_val,b18ae157f91f,0.8700277701384587,0.06852750808507059
RC_A_val,e99ae5a51d16,0.0,0.2360012653476744
RC_A_val,06daabee2b08,0.4972177757261522,0.7762141571499085
RC_A_val,b219eee17d3b,0.6131386861170882,0.5576166050007386
RC_A_val,bcddf70bc939,0.8843345205555014,-0.01504798767694127
RC_A_val,87c07444b3ac,0.8380985791756309,0.09562568922461662
RC_A_val,472c96acf060,0.8982757197509879,0.05614927904051751
RC_A_val,5c2e424c224b,0.8372165510140095,-0.18255204642649028
RC_A_val,efce383777d9,0.7441620877843128,0.10480664976335141
RC_A_val,240a73430f24,0.8438813059367399,-0.22807463755860077
RC_A_val,59e96521a696,0.7703182492811853,0.057374327640787946
RC_A_val,0a7af4d6bc80,0.8119268514607214,0.3390617159634895
RC_A_val,e0913da9ede2,0.8309466561518619,0.0386500672346918
RC_A_val,744393931db6,0.6063843995990212,0.9113415423316472
RC_A_val,680494b566dd,0.34063370208921245,1.3151197601509184
RC_A_val,87ddd56f8106,0.5957988147135872,1.0242094397087163
RC_A_val,e5c026a13979,0.5204550591230146,1.7884972168134012
RC_A_val,4bc4fb5357b9,0.7654355207008914,-0.37342200176133655
RC_A_val,f4d394dc9b6d,0.6354557687996509,0.6980699406938592
RC_A_val,729c00d2f72f,0.24491869914550835,0.6333630684061717
RC_A_val,1c09b8910531,0.790041039628452,0.39326872703074006
RC_A_val,4877757e440e,0.6253080853245983,0.6283773106923088
RC_A_val,201a88716779,0.8107131798528892,0.18960451975258705
RC_A_val,7f85d4c8f057,0.6705331667256488,-0.39375149771166573
RC_A_val,9cf3175fb614,0.6228865589727287,-0.5055053641831767
RC_A_val,25b46f10c2e4,0.665172735736128,-0.23895027622737763
RC_A_val,dda24165b72a,0.364111823649579,-0.6653647996787964
RC_A_val,59c238886036,0.6215065211191438,0.47293072231809596
RC_A_val,d14ac164724b,0.8168737438147069,-0.15917595122307437
RC_A_val,67171ba5c18a,0.6875279391658735,0.2567465321239916
RC_A_val,92ec214c9e08,0.7454391174959185,-0.1899398438378382
RC_A_val,712a448fe427,0.8593408877368395,0.07306034481184044
RC_A_val,75909ac349fc,0.7352402601038555,0.27445066777618116
RC_A_val,252dfd30060b,0.5677445270020537,0.6169452328068461
RC_A_val,1b99c9d28836,0.7688854762997528,0.0017734689049688497
RC_A_val,68cae51ddd75,0.8357229473688763,-0.04039698070444549
RC_A_val,11a26e969e24,0.7157699129389501,-0.4149149818697396
RC_A_val,3456fd3f0c3b,0.7508733532240046,-0.21869845552416414
RC_A_val,4f17de8ae4fa,0.5104919159768675,-0.4594594593377161
RC_A_val,1e2e6a8d379b,0.6821771977826758,0.12000242673542423
RC_A_val,70ebca96e66d,0.6768098956446941,0.053349570158260494
RC_A_val,4c391a112208,0.642233386134319,0.5669897870376501
RC_A_val,daaf2f1972c5,0.45599307079379087,0.25089981999836536
RC_A_val,faaf16ba7263,0.6691293761787789,0.23912021804313185
RC_A_val,9afef07c3a3d,0.8001781141712023,0.2816865633373525
RC_A_val,379b6b128121,0.8549589215119154,0.14718724415915194
RC_A_val,0d43bfd79fd4,0.6293242594636539,0.4599452701368275
RC_A_val,73e7c95aa9ac,0.8640135341632155,0.08727089287983261
RC_A_val,e6ff49be4c2e,0.6125051486841996,-0.163817879287133
RC_A_val,accf23b4c5c4,0.7950301506477377,0.42312276517798425
RC_A_val,130eea7aee58,0.6550361679742851,0.34779506203114097
RC_A_val,5fac4f2d08b5,0.8257337726712494,-0.09211199648423773
RC_A_val,880801698c36,0.8571428570952672,-0.10350637042186939
RC_A_val,3c9af3cd437c,0.6995764382566609,0.3099456441806979
RC_A_val,bab1742fee45,0.6496303279747524,1.0214392802832504
RC_A_val,3ad084181c5f,0.7091271188023314,-0.31697669906756437
RC_A_val,0b59f521ddbb,0.6968179615195812,0.507154427577328
RC_A_val,443916cfa7f7,0.661026243583155,0.8991596636613309
RC_A_val,f28a51f8fa76,0.6901929110406575,0.20425910707996034
RC_A_val,18aeb420c181,0.7666828321831551,0.22858686840158945
RC_A_val,a2187852359c,0.46267903971844465,1.9278922341664237
RC_A_val,06a1aa81c02b,0.38951575319668535,-0.16789133246654875
RC_A_val,7e1b746af350,0.4459824102546777,1.3503745355292103
RC_A_val,34135adfaa4d,0.8104697549128685,0.3434131450592947
RC_A_val,e6155dabc47e,0.8613289125779711,0.1744510044587118
RC_A_val,bd289a834221,0.22289292989425438,5.519432622547679
RC_A_val,2840f720bbdf,0.7856394739752194,-0.15363128491069936
RC_A_val,8a82bf3c5b2b,0.7647645517722464,-0.09103486792720468
RC_A_val,9efe7c38d921,0.8179608642944618,0.19459493379223555
RC_A_val,c0ef5c57da13,0.0,1.1362075090446278
RC_A_val,9261a4fe3331,0.8363176742912605,0.2460373787362166
RC_A_val,34aa3929a491,0.7933120133205884,0.10816356440655404
RC_A_val,2c769592bb5c,0.8086726800864252,0.37531799421248696
RC_A_val,653b3a54e6eb,0.712703535274221,-0.19875284045607525
RC_A_val,8335a3656e06,0.7244546117591425,0.6324731620656843
RC_A_val,c88d90abef4f,0.7596294782108103,0.4573297723652432
RC_A_val,7c209373eb5c,0.4370832436965723,2.149040606632191
RC_A_val,606c6aea331a,0.7486414660118869,0.5870702924275489
RC_A_val,ad2fd5463f69,0.6314926188982597,0.6134793998084084
RC_A_val,8cbb2faf6d46,0.8163078667566018,0.3210783273054095
RC_A_val,954c32268cc5,0.7095866287149988,0.5807093004264586
RC_A_val,b1797f4b969d,0.731084867857732,0.16910886788569315
RC_A_val,3515a658a74d,0.8479333406347264,0.003624581250963359
RC_A_val,9b7f60148bb9,0.6805356484425842,0.8361207896822159
RC_A_val,acc2a244c279,0.7497624702865272,-0.31667333065190556
RC_A_val,4bb060fff34b,0.830489405574872,0.28630631273315327
RC_A_val,cbfd68c46eec,0.8592175986594803,-0.14946314471052874
RC_A_val,e1c630f905ea,0.6541128646385069,-0.19478767602682848
RC_A_val,b3ab6eeed5a1,0.5807737743435922,0.9588203166620622
RC_A_val,cc61a294a750,0.7824394405952456,0.05901810345929785
RC_A_val,7e0f6d2817eb,0.7651215939011713,-0.29078234392393126
RC_A_val,3f15c84c5d1c,0.7579741732696343,0.10337178349091138
RC_A_val,398e1080e51f,0.7853020015890488,0.297756597567875
RC_A_val,fe628a0311a9,0.4020693147962496,1.9887445884576125
RC_A_val,9ee176d7170e,0.8478507610248851,0.03826076640057359
RC_A_val,0e63a4f42ee9,0.8205727151161116,0.300706847242209
RC_A_val,336270f2d941,0.8018587264957066,0.17546488277570943
RC_A_val,8caf0df3562a,0.8753807106228688,-0.050148465848717544
RC_A_val,b5d1b2468e0e,0.6682976284786146,0.5878058517887523
RC_A_val,ac1be668c7c8,0.7999929229146948,0.28490287631061584
RC_A_val,6ebcc14a94ea,0.8343855934820713,0.2860723391342052
RC_A_val,0556f56699c9,0.8126525049543702,0.22571973480859397
RC_A_val,b1fcdc67bd91,0.6553695864453877,0.4735807719416979
RC_A_val,89829364c9df,0.779755455796708,-0.009703504042753042
RC_A_val,6711209c72e3,0.5018751714942868,1.7231240774522505
RC_A_val,28a362191c73,0.7114576754973378,-0.1222416993131449
RC_A_val,de3102a6390d,0.5189208762413686,1.214784632587436
RC_A_val,b579f16d872c,0.8909231962589037,0.03192118226475187
RC_A_val,fae7039a9af2,0.5541894739681003,0.7830361527635618
RC_A_val,268df88fbcc3,0.8332684957001335,-0.17701555710452063
RC_A_val,71a29ea05d98,0.7080431184397963,0.4227453614626386
RC_A_val,f883c131c228,0.7755189585356532,0.3277329165545744
RC_A_val,9990558acb52,0.8093565858693318,-0.21455897978591296
RC_A_val,f96fed7644a5,0.7253928614824371,-0.10015332542308696
RC_A_val,a20d4850eaf4,0.5525541170503906,1.0277624417518918
RC_A_val,79a23af160df,0.8834838824736648,-0.15463295030091062
RC_A_val,2100ea78bf28,0.7357717835944236,0.0906406849585709
RC_A_val,e51f80c42fa1,0.25688487581750735,-0.8496494415931382
RC_A_val,559d763808c7,0.5807232256446297,0.7908751934434053
RC_A_val,a58838a4c8d5,0.506226271820307,0.8054105868140691
RC_A_val,aeeb40cf9da8,0.6282514872029141,0.8188294606730787
RC_A_val,5fb674662421,0.6088630529741483,1.2127091921886115
RC_A_val,47af26708883,0.7433697347712712,0.49598442440399215
RC_A_val,5f971c289c37,0.781056218004698,0.48349974606811646
RC_A_val,08b22ebf5448,0.7319005630323767,0.6734661066272085
RC_A_val,ed6a01fa6535,0.42880232578113137,2.5879448052052663
RC_A_val,42752328ee57,0.6161210541548249,-0.30906556343605246
RC_A_val,8496a14dbb57,0.47892353246477426,1.395534525891537
RC_A_val,bf7953e49411,0.4855881172090034,0.5347669764239354
RC_A_val,a303eba8cf9a,0.8328375616835503,0.31660148378384295
RC_A_val,474aa69d4fae,0.6963533968099921,0.4615207479177672
RC_A_val,1105e4cfbd3b,0.8136158523824194,-0.2698574337627533
RC_A_val,650e4284b30c,0.7557916059348544,0.18040698488424517
RC_A_val,b8c8f6ecb268,0.8075090781755754,-0.031413955927616276
RC_A_val,c4fc7f131279,0.8196921343711426,-0.053886199648014776
RC_A_val,350a361299ca,0.6387390325315979,0.6997736038847915
RC_A_val,c6c49395b108,0.8749523445601456,-0.10168264879651119
RC_A_val,214f1516d1ba,0.6815022596016362,-0.3202450133333205
RC_A_val,6851755421b5,0.8241665633856478,-0.10669075636042223
RC_A_val,2e4b11cff9f3,0.861771313602723,-0.0978407557134861
RC_A_val,d78f98b972a2,0.8753673292873039,0.07056998836547947
RC_A_val,c4dfd1841ec4,0.06009895226570875,1.6340560545652947
RC_A_val,0a68f366533d,0.8719759535158614,-0.09807404117788344
RC_A_val,dc6e2c2f6051,0.7339182985220571,-0.0666217278882573
RC_A_val,a84a29442721,0.862422543801169,0.1851746923183277
RC_A_val,2c1af07ab1ae,0.5647846964009761,1.3671034617195676
RC_A_val,e063afe325b5,0.6217327727736368,1.0159867694299907
RC_A_val,fc7c919c7c26,0.77249315621427,-0.3432574918955186
RC_A_val,b90b1fe224ae,0.19269102986663908,4.361512787139585
RC_A_val,445830781e67,0.7314110171939251,0.5485765123579045
RC_A_val,aa47164843b8,0.7890599148710187,0.08723713353289582
RC_A_val,9673fd840068,0.6732353516811389,0.17174654391069966
RC_A_val,a206a7058241,0.5970246639502471,0.5032258064105165
RC_A_val,b6e2a5337695,0.6265373462027259,0.42154963670180395
RC_A_val,75d89d06a911,0.8724243752193634,0.07390570202962649
RC_A_val,89b43632bce9,0.6926517859072016,0.49891869118104426
RC_A_val,c929db456395,0.593914905824624,0.6776434419971727
RC_A_val,04a3fed7db97,0.3012069736119264,-0.13769563768417453
RC_A_val,58247b9fc97d,0.8585647702256572,-0.17121965651571283
RC_A_val,cb6e9d7bf885,0.7135716874845507,0.3321307805837485
RC_A_val,00bf6deb8d09,0.3478528551103813,-0.19125835183985013
RC_A_val,13903166620d,0.5499454285861818,0.18911964711673884
RC_A_val,dc9aceb837ce,0.7482232073482435,0.34002963935945746
RC_A_val,28352e4365d5,0.5600052973041981,0.13939651508317336
RC_A_val,34fb40629d5e,0.6408958860162639,0.6561294336457835
RC_A_val,49f0bc8f38b5,0.1834105021290187,-0.16559125624403534
RC_A_val,5b2c177f7644,0.784258535293608,0.04291342774768856
RC_A_val,a0268fc1b36a,0.6426443911799287,0.8662301815991893
RC_A_val,116ef3673bfa,0.2762355284279699,5.108849555261571
RC_A_val,36f94792435b,0.7979398836390383,0.21967083864987969
RC_A_val,17af8f058f53,0.0,-0.9999999996950291
RC_A_val,fc0654e695a1,0.1252871162951256,-0.537709923582029
RC_A_val,5c320c107e3b,0.45936499759172345,0.3180112570085271
RC_A_val,d3dfd037d387,0.6371878601368733,1.011685757143158
RC_A_val,c5a0eb441e58,0.6309953449118157,0.8136865340965876
RC_A_val,297d764c4c25,0.8736567203174787,-0.1360099308017173
RC_A_val,7419fe015d06,0.5881488609162329,1.0589077602252701
RC_A_val,c3d314dc8cc5,0.6430644902390404,1.0613584601857116
RC_A_val,ce52faea7a92,0.6956721803698667,-0.4441388145664091
RC_A_val,b25eecc21d6f,0.6778909487942072,-0.4542068143213367
RC_A_val,11fc0095ec00,0.7853929770035295,-0.24066485119071584
RC_A_val,15cefa637350,0.35845492442813787,1.6452570341154864
RC_A_val,95e2eb9de53e,0.6643974045172982,0.11896497317229568
RC_A_val,9c112b607f96,0.6859726942756726,0.9116068433258704
RC_A_val,138666cb46bd,0.7261458022549964,-0.012079405705630195
RC_A_val,a16579dbc8f0,0.7632554087026101,-0.14313003137939048
RC_A_val,5838d6e88995,0.7057899494553004,0.46453615776243473
RC_A_val,1daa07342339,0.48363563348094424,0.17650772068677734
RC_A_val,dbf7cd5332b0,0.7407937203227379,0.5894295767990224
RC_A_val,477458e38d12,0.4319617534865486,1.9671885344478095
RC_A_val,6542a0e63b91,0.729075698822096,0.7123803198454601
RC_A_val,e8ee5a728c3d,0.27803502048331374,0.004373799871753051
RC_A_val,643c6f33eba4,0.5788922625599994,0.9633881475390338
RC_A_val,eeff1a96a1e7,0.6641340254680478,0.3409191338742312
RC_A_val,7e7d2687cb1d,0.8098242382253461,-0.12191887450278437
RC_A_val,4c02841fcb54,0.8837528733951031,-0.10935957419292872
RC_A_val,44ba56f463f0,0.7711853409020325,0.0038486542711260265
RC_A_val,f1aad2142601,0.8415841583960022,0.12099999999395
RC_A_val,d54a32d92f89,0.7974595719273384,-0.2501867762186975
RC_A_val,be881ffce88c,0.5294103041457626,1.7731871836450077
RC_A_val,4864254db6cb,0.8419318562903607,0.032459525837978453
RC_A_val,6eb971de75c4,0.5707043707433527,0.4484665207183664
RC_A_val,8b5a2e299402,0.41634407073878,2.5421842230567684
RC_A_val,85cbcbbcbc25,0.762484192884891,0.475125004840545
RC_A_val,40b5bb37d574,0.2763577191486638,3.6208079254493875
RC_A_val,b94c5f2ebbea,0.5828994037965852,-0.24687437982093838
RC_A_val,e47ced952e8b,0.8509201960599968,-0.006089255668128415
RC_A_val,f3a196a5af83,0.8071263960052258,0.0814218067719438
RC_A_val,8e0a7d7e6b35,0.6815173878614211,0.6162011969002493
RC_A_val,2b967f6ab4ea,0.5386064029996583,0.5532119502145652
RC_A_val,ee39836ca8ce,0.8178539695599787,0.03737621126411585
RC_A_val,e7d1f43ac378,0.3007864599962845,-0.7560501172403427
RC_A_val,5392ba4ee125,0.7993364833216379,0.035608308601697704
RC_A_val,a2225ee1c447,0.8353741973819274,-0.21433494141299622
RC_A_val,a4d46d25cb7c,0.7069188908782098,0.4043613706805197
RC_A_val,f3fa141a80b6,0.7916937053590732,0.47121877106083565
RC_A_val,d922213f4d88,0.8171283981001938,0.2144478606905772
RC_A_val,35402e139d2f,0.37576123000447625,-0.006610576922282382
RC_A_val,08a4935c8c92,0.8335497087831221,0.1986853820754667
RC_A_val,c2442dbcbd3c,0.07427055701402355,-0.9614325066833158
RC_A_val,51f02afc1803,0.677939298082478,0.1436394454281525
RC_A_val,f6a73a4b5225,0.690392820002027,-0.2972406495401644
RC_A_val,1bb565690522,0.5829036120229157,-0.3499530553096402
RC_A_val,41df87e17c38,0.7817887275071702,0.4411603346490843
RC_A_val,e3163dcffe6c,0.46353944560428895,1.4510669607337991
RC_A_val,d9c27d296b5a,0.8272733001188709,0.24821137633716714
RC_A_val,7e9e42832ae2,0.7182777302444686,0.6740373617761052
RC_A_val,d4311e8cc1f4,0.0,2.5906646172511207
RC_A_val,01e4c1108ec8,0.870593989780496,-0.15577606133777272
RC_A_val,f0df94ad19eb,0.4593125247431888,1.8619305115064713
RC_A_val,d70442e74cb2,0.6977682304790226,-0.23723081369454457
RC_A_val,78d29c1d75c9,0.8376836864894237,0.10572947430540311
RC_A_val,3c11e4a0cfc1,0.659858195393496,-0.371934437000658
RC_A_val,368ffca7d7e4,0.6569942821050719,0.039343509697249084
RC_A_val,62b7c4668574,0.8784889567992248,-0.11252135992122438
RC_A_val,a473989d7daa,0.3048166094382375,3.1944826435306712
RC_A_val,dc64e96d152a,0.6857920013527372,0.5506382286633611
RC_A_val,83e83043d50e,0.11343043926405376,-0.3510165484301639
RC_A_val,7e499d763ef9,0.3378909404056375,-0.03568690686944707
RC_A_val,6ee87a5ce315,0.8656155317326077,-0.12617150457466153
RC_A_val,1e0601ba678b,0.004703807143561384,-0.9976425518640311
RC_A_val,b459c1bff9dc,0.7098772334960015,0.11671658073094038
RC_A_val,0622bb5b8015,0.4714417376546141,0.17134512412554298
RC_A_val,2d1d9d21d5c7,0.6078247832390564,0.5589560722096552
RC_A_val,97aab5cfcaff,0.7850305978284557,-0.2702277230373446
RC_A_val,fe5d7ba3733a,0.0025027112704734933,-0.9987470764840531
RC_A_val,b5ffe604915b,0.7935536855541908,0.14274419790505624
RC_A_val,0faba67cfde3,0.4722185209545491,1.9344692000171773
RC_A_val,4c6b574aa71e,0.88773505410972,-0.04406967837421113
RC_A_val,95e698110cbd,0.8675496688670792,-0.17292323319580954
RC_A_val,af9b0c84fecf,0.8345556245967406,-0.1566284778999467
RC_A_val,88cb99866bca,0.8841782236613193,-0.055070933381884284
RC_A_val,3a76bd4ed2d9,0.6682977699275199,0.5340617456350131
RC_A_val,263f4553c41e,0.8169070246017872,0.1306995185314784
RC_A_val,d9790dd112e1,0.32537173825601967,3.461652996477061
RC_A_val,ea91d985804e,0.7607534527865625,0.4743695014477275
RC_A_val,6272af0a72a8,0.8001904459355598,0.4040442578859943
RC_A_val,4eb65d7f7441,0.7264264024263767,0.6193615907836802
RC_A_val,2fbf0f6d64ee,0.7040735177078218,0.338982550404825
RC_A_val,53c11012a545,0.5638349279964354,0.8441161798604853
RC_A_val,287ec231f7d1,0.7455964325292054,0.506987143615189
RC_A_val,0f2a3dadf005,0.35589382540015974,2.783283030271589
RC_A_val,e9192606e2f7,0.813653514276322,0.14236927029036658
RC_A_val,30a830b5516f,0.8276614999952931,0.3236864944147244
RC_A_val,5a55c0c18725,0.5845520720272462,1.2476108355789601
RC_A_val,3f701a6f45ca,0.6780260546829863,-0.25607462573324025
RC_A_val,308d5c51bee3,0.7909761235816191,0.14127288447271633
RC_A_val,403e628e9c9b,0.7056621523557449,-0.23785183905650403
RC_A_val,76f9fd6d4d5f,0.7145609992763086,0.749252429205209
RC_A_val,4e3b4ca41dd4,0.5853640705686143,0.9991595103051496
RC_A_val,f7028f8c4768,0.6931079323153345,0.25277254650496495
RC_A_val,58ede48e08d5,0.4695717505536862,2.093285494439323
RC_A_val,d37f6460b2cb,0.7382110718707046,0.04493139995806415
RC_A_val,c28927001d5d,0.732357769304483,0.15281698946284167
RC_A_val,112fb6c58d5e,0.7459951126292428,0.3384126983589821
RC_A_val,b7c28f32dfe5,0.1917300888322363,5.087997834780208
RC_A_val,f568fdad09a4,0.6796093998817881,-0.06313839936787864
RC_A_val,52a47f894781,0.6959212021610064,-0.13489563399373228
RC_A_val,2e8a2377be76,0.41742427172659907,1.2439656975007753
RC_A_val,fb1785d0e253,0.7559137021626104,0.1925089211425437
RC_A_val,1da44a865cdf,0.7703830948103425,0.26267505000678265
RC_A_val,8663b350ee16,0.8447630254793235,0.2803122712172939
RC_A_val,e4e8dfd1da0b,0.5512713732521056,1.5859100489132272
RC_A_val,2334f6e38a89,0.0,-0.9999999994606256
RC_A_val,d5db63290759,0.1666888918411329,-0.9073291562795185
RC_A_val,c630b929e9ed,0.9059341375691247,0.01037854372587652
RC_A_val,f23d7e5e63b9,0.694995137271873,-0.38684567807532294
RC_A_val,467502196516,0.5120162268773745,0.4696752839936633
RC_A_val,04cd2d37e5ac,0.7954130696349428,0.043129892108019624
RC_A_val,5a1b5635d637,0.7997205401956543,-0.004183128049225394
RC_A_val,601fa8182c37,0.7412683694365241,0.03299883847103796
RC_A_val,eedd62111dbb,0.8018664610237486,-0.21371053188480219
RC_A_val,f437c6754d64,0.5566232471665867,0.3356608478244953
RC_A_val,5b571281bb87,0.6654909486661398,0.702410989528678
RC_A_val,a60277e05109,0.4726781965363124,1.8606715553122086
RC_A_val,b43979c6f533,0.8830695430586816,-0.12407692209763875
RC_A_val,ccf97819c15f,0.8523133390464297,0.026027397255180548
RC_A_val,e2f2c59b7741,0.720380555953187,0.33889633932653374
RC_A_val,06a1e70611b2,0.8351593801781668,-0.25335975721475446
RC_A_val,fb1f40325bdd,0.6913273786943122,0.36101517528199817
RC_A_val,305c362c6588,0.2516402291959438,3.908243373940999
RC_A_val,4cba025752d6,0.4614219466416305,0.5671228678394111
RC_A_val,a91f1ae6e4a0,0.5603613483825794,0.3314354249821223
RC_A_val,f59f3fdfb0e5,0.8448772315438131,0.1788212927688661
RC_A_val,8c021b7ddc4a,0.6974529109215832,0.7526881719321419
RC_A_val,56fa0dd09d7d,0.7924892413941195,0.16034019135596753
RC_A_val,0dded0575b1e,0.5238743591806605,1.6119996578167979
RC_A_val,81860e31cf35,0.9034701857006515,0.09322846728734392
RC_A_val,50d97cbfff32,0.6010851196121709,0.14220387423676062
RC_A_val,d7a5a8eb6564,0.7725115635986958,0.5681888305201807
RC_A_val,1fa340fcc20b,0.7989672041855642,0.08273975187118544
RC_A_val,04949d8a3b46,0.6870928734514988,0.6730814962230023
RC_A_val,63b23b5e50f0,0.8356483828237947,0.23043871550031442
RC_A_val,ede59a1cddec,0.881458966540074,0.011072025834088459
RC_A_val,21a6505ace13,0.7088033969425765,0.6616278333439656
RC_A_val,1bbddd6fe930,0.8482343988938219,0.1948985075844814
RC_A_val,4f9709867122,0.7903885140486427,0.16203204712495278
RC_A_val,b70b22a85d15,0.4494887065794101,2.150007772089226
RC_A_val,9f8d0163233f,0.533692031756759,1.2845241099651161
RC_A_val,e6bbbaf6c19f,0.46074758208061795,-0.5444514901021621
RC_A_val,fcfd28f7fe28,0.6650415829272954,0.4427320488817051
RC_A_val,ebce49ed9266,0.7907546303080225,-0.13622423506624176
RC_A_val,ad5231b60a36,0.5022809407842715,1.6081658825121492
RC_A_val,ea0a5c759a0b,0.7830778363518686,-0.19073793277133125
RC_A_val,cfdefc623c00,0.8468349602601478,0.1851251210653488
RC_A_val,da14efe15c8c,0.81032184338123,-0.026310843821403713
RC_A_val,03740991934c,0.7759970265567147,-0.1759053264039627
RC_A_val,1aab8f7ddc54,0.6404123118801779,-0.495501580512374
RC_A_val,6b1b9d8f5cbb,0.7716003175508314,0.08065886350383902
RC_A_val,f098ffcaf4ba,0.8584351758857723,-0.18078961941761296
RC_A_val,034612ababb2,0.7771778610963976,0.38483869455518854
RC_A_val,4c14e80c7586,0.7869939432077148,-0.349989480291396
RC_A_val,2893a7a2b160,0.781561793242598,0.06525173431793037
RC_A_val,89800054a763,0.6975000521227768,0.33650642087089555
RC_A_val,66c891d8992f,0.5996357012438389,0.4701118395076344
RC_A_val,7f2b8f239432,0.725568563621633,-0.37670092436259395
RC_A_val,25c9dfeb6be8,0.8482615975406627,-0.10075199221442059
RC_A_val,322648852988,0.8102728069583781,0.14858725761224054
RC_A_val,aa9f5b41fb96,0.699485599262259,0.29558322280483473
RC_A_val,ebd08c8cfeac,0.7495985833901407,0.4965265544051498
RC_A_val,5097155369bc,0.6877282541461972,-0.04508080966507012
RC_A_val,4141e1a580dd,0.852747252713177,0.020100096866314168
RC_A_val,ec576d88c3df,0.4915276199564842,1.8818340104104887
RC_A_val,02eaf1092bee,0.7308221951615372,0.6697664358413135
RC_A_val,5b88da572f95,0.9131360226579599,0.025456785051790515
RC_A_val,ddae707d0218,0.5776125928533435,0.5124965667364745
RC_A_val,5b86a8c63ed2,0.7057885354767901,-0.2151707970348986
RC_A_val,a093146e4d24,0.8854826936773277,-0.08482931135338219
RC_A_val,575269803635,0.7323639221131495,0.3131818181106405
RC_A_val,8787422be136,0.7256689065186153,0.09302920267513787
RC_A_val,b619abbd5eb8,0.5171810023509322,1.64354066920114
RC_A_val,887032ffafcb,0.874700544448735,0.10209064550198037
RC_A_val,728f7872b8d7,0.6978490612781836,0.42419675686152286
RC_A_val,90f791f1f106,0.7982200085570593,0.11159482758139677
RC_A_val,0091767fe390,0.6778267253706399,0.8323859696613911
RC_A_val,5cec38323075,0.7461928933714231,0.21115398104076166
RC_A_val,c92e6855e8ca,0.6655722441215893,-0.40349710528855043
RC_A_val,bbf745b38dff,0.5327096731934834,1.435937499679478
RC_A_val,a640c1830874,0.7622795969173268,0.47400194732736084
RC_A_val,f6f83792c825,0.002029426686846529,0.3173089483582875
RC_A_val,890e979a7bc1,0.5570924869658008,-0.4495374262197067
RC_A_val,b6c84222c5e7,0.8298717717050469,0.0681669623659798
RC_A_val,087fe7982a43,0.8384668627427554,0.30698602791347446
RC_A_val,5ccfc6c04db9,0.817193687778704,-0.2141083654866977
RC_A_val,2444d3e3120f,0.6480692469548338,-0.40073160232386085
RC_A_val,e93c3a960cae,0.5813545816269837,0.7371864774837107
RC_A_val,75d83f68218f,0.8590004749500344,-0.00536842105251856
RC_A_val,7d27a67e7bc8,0.7478675868021072,0.2428894270491172
RC_A_val,903c1ba43b74,0.6751777386533768,0.7591225478255383
RC_A_val,a78a4ac13e60,0.724586431546865,0.3615512211656151
RC_A_val,48f556e9716b,0.7370157931376589,0.08229712040538333
RC_A_val,3d29ed664ece,0.5802257114676098,1.2454813280320502
RC_A_val,6745af0271cb,0.851993511807838,-0.0744582401451971
RC_A_val,4f46b0d46a4a,0.8636937084710825,-0.17944877170167278
RC_A_val,bc3d94301e68,0.7220556907831274,0.3986621921189399
RC_A_val,5778e6cb61ff,0.5818742872085682,1.221045807860621
RC_A_val,ffa94886ea7d,0.5458885060697795,1.5658673770303533
RC_A_val,b7b50e59d4ca,0.5881694345685683,0.4235161107491785
RC_A_val,9f800039e5e1,0.004832863469660546,-0.9975777145750595
RC_A_val,85e19a802868,0.27237748073386214,0.10172377099346162
RC_A_val,436d9c8320e8,0.8781728546494872,-0.15525485947603032
RC_A_val,f582c1c997a0,0.8061744645014677,0.21624058554066825
RC_A_val,8565277db981,0.8552576804417772,-0.18283596201887983
RC_A_val,74efcd245660,0.6967759938875683,0.15240330043341152
RC_A_val,1e9ce88a21f3,0.6353738204501762,0.3588499678705251
RC_A_val,4393412ea33a,0.8085361025878188,0.1174922510065405
RC_A_val,6ba9c6b54ef7,0.031889081444752485,-0.9834390412320512
RC_A_val,6a3ce5161e67,0.6968073185125181,0.20115145501420453
RC_A_val,e38210b3126c,0.8926393606375771,-0.033213348213453474
RC_A_val,d48321846fbd,0.6347567258084172,0.4095222332447997
RC_A_val,a8beab79352f,0.7421704249875662,0.2545840035055625
RC_A_val,5eea7feed281,0.7819746592886699,-0.20105365012352933
RC_A_val,03bcdf54b39d,0.7962390553562909,-0.15669773761754838
RC_A_val,a5bb1d1c44b5,0.11022505757394557,0.5464801441577256
RC_A_val,87c6669eb287,0.4276764659191237,-0.5231384590479323
RC_A_val,5f37f42cc0ca,0.8096651897497069,-0.24561262919740262
RC_A_val,527b379e987f,0.821304985720419,-0.026712553259766604
RC_A_val,c0d757d282a5,0.6681003581834766,-0.06115357883172093
RC_A_val,450be2904534,0.6470973244085148,-0.09192400847366318
RC_A_val,821e10b2516f,0.7642858944732375,-0.31539801945193596
RC_A_val,e989abbf36d8,0.8199391232053875,0.15740398555427115
RC_A_val,cd5eae6e5e92,0.7417845257517791,0.22335260113024824
RC_A_val,5f6138de5ad4,0.8174516480872934,-0.1869757688505387
RC_A_val,fda8c174d332,0.5694726547378716,0.6517055653996199
RC_A_val,1d270d59f615,0.5143732163867573,0.7940490081165533
RC_A_val,3aa8860e640f,0.8446048523146112,0.21123638204894626
RC_A_val,e9a911ea0e12,0.6934619697166287,0.5406718176765491
RC_A_val,643918bacc17,0.7296970742759257,0.04212195981299595
RC_A_val,1cd6eb490096,0.5638875326635469,1.0142840653022946
RC_A_val,01808642f844,0.7695428398309183,-0.13821092384481679
RC_A_val,2f06d6981dc9,0.8237268122794064,0.2134873963955608
RC_A_val,f97ddb3b9394,0.0,-0.9999999996445077
RC_A_val,f039e273ea51,0.7007063391660554,-0.08831860135654249
RC_A_val,a191863396f3,0.6313848422799756,0.1043849437127697
RC_A_val,684a53312e66,0.4129765113393831,0.6520296144176628
RC_A_val,afcbf22ee009,0.8843494959122712,-0.18551372696779117
RC_A_val,e2f0c0e8cf0f,0.8496146575418118,-0.00191760125510147
RC_A_val,15a09dda38e0,0.675573788630914,0.6974727081355656
RC_A_val,4116b6fd4742,0.3350855395042012,2.6835273046813946
RC_A_val,34c0455358c4,0.6292360136239817,1.0737378830574473
RC_A_val,32188b5ef73a,0.6488071105364476,-0.010362372796577167
RC_A_val,d0fb3e85fef5,0.7192997609997034,0.021830247990346358
RC_A_val,998122ed88bb,0.7889716698719228,0.025470972700358422
RC_A_val,8ce8a6a6a22b,0.5905315003826166,-0.38587956093824505
RC_A_val,08a7e0626868,0.8258185720845653,0.15937409441919037
RC_A_val,4214104a0eba,0.8451840731443825,-0.19689629185012233
RC_A_val,39c7430a79f2,0.6936349038184179,0.30319483789261575
RC_A_val,5adbc72b4704,0.45675252090792345,0.6705362077966883
RC_A_val,8a7e4782518b,0.09316338352417998,0.32489224120426063
RC_A_val,60a6b7f94c56,0.2905784932369808,2.5612783934069525
RC_A_val,63b44c03bcae,0.776257173785919,-0.0389579726082986
RC_A_val,0360a62231bb,0.19234543668916687,4.921882578883124
RC_A_val,943f878c20de,0.47747125206095226,2.1884777269122586
RC_A_val,3a9032f61e6c,0.6341463414275283,0.4787487725517255
RC_A_val,6a3b92c6de41,0.1760180675999705,5.1524482558543925
RC_A_val,036d20903cbb,0.7449876889735035,0.34120230569827004
RC_A_val,e266e5213aec,0.9053119404239262,-0.02022659345101643
RC_A_val,4326875b7d23,0.7481792098461609,0.035718297199178
RC_A_val,13325c0866c6,0.4991914014754014,1.7129792146223575
RC_A_val,975655b923d7,0.6440351252600109,-0.11410683630070616
RC_A_val,6ee4966565c4,0.6858825480803797,0.34735202488830297
RC_A_val,2f782947e427,0.5315068492945588,1.320732957288476
RC_A_val,2c98fb94f646,0.6918524265595193,0.12700729926738585
RC_A_val,3f6fe7a866e0,0.21461671597260806,4.867714722059926
RC_A_val,267524e73ae3,0.7867096508989369,0.2964828368333804
RC_A_val,cd59e73c73b3,0.3622414295074059,2.6174887880639064
RC_A_val,2ccb2686fccd,0.7885530380043634,0.2425125709202048
RC_A_val,44b7f714c32f,0.6689295367191863,-0.38741067353973896
RC_A_val,21b9a2f10489,0.7615482517959461,0.09258969135318977
RC_A_val,e13fb5037f4f,0.5693855930695483,1.1864978892940945
RC_A_val,2c0212ac9d73,0.6365837811920982,0.6998883749481919
RC_A_val,1b76dc107cbb,0.8136773065008539,-0.14264366695440198
RC_A_val,c9f0be726f2a,0.7027535160428338,0.5410839768885854
RC_A_val,2de35dd555ec,0.8784785181592584,-0.017350795870749277
RC_A_val,6b9dc0e11f89,0.9081029991759973,-0.0744492746119717
RC_A_val,5c66eb9daee0,0.7539217187698058,0.2479773761189232
RC_A_val,1a76fcaf98fe,0.2590463803962677,0.48915228570897445
RC_A_val,406d3275d595,0.6718736506757504,0.8317558938798512
RC_A_val,d799e566ee49,0.8734291362935147,0.1513836086719136
RC_A_val,d4be3658286f,0.7244753629777376,0.39685889229609234
RC_A_val,c76f2abed81b,0.17195912719954728,-0.14183057146842712
RC_A_val,2a97283a6314,0.5620908906193921,1.417930371560341
RC_A_val,7eba69717fb9,0.7758797197587997,-0.030170027677731512
RC_A_val,34c3b2365896,0.7671681248578345,0.3560729645294325
RC_A_val,3f181b97e560,0.5165647732110289,1.8590238627747693
RC_A_val,4bbf17228c50,0.7073719751894083,0.42139328897608697
RC_A_val,dbccb6b7ea0a,0.8222600286348886,0.2185141040813213
RC_A_val,a1a78523034b,0.8688142563201093,0.04408536869919743
RC_A_val,9e131cf6da2d,0.5086329873529576,1.3105885417936167
RC_A_val,a738e1815315,0.6116143482785462,0.7808921864265922
RC_A_val,fd757a11b021,0.8641627025789251,0.2364509912605498
RC_A_val,17322b6e997d,0.7571766808908006,0.22891719474749556
RC_A_val,eef2468a3ce4,0.6660552975499537,0.04359247483166407
RC_A_val,b48d416bbfea,0.8535608546920339,-0.11887877904652097
RC_A_val,72f0e217ddfe,0.8454398170047567,0.2829728906364835
RC_A_val,9b204e2097f4,0.7922945470877509,-0.039890377582233495
RC_A_val,99bcf65667e3,0.4906049744626207,1.586677054773405
RC_A_val,58b3bf1ef162,0.6049436119171181,-0.2241426611735489
RC_A_val,328f99e7cd7f,0.47718253966675983,0.9612220915627475
RC_A_val,63ab0b30ee71,0.8252191347684458,-0.2018904115908929
RC_A_val,4a2f7c9505c6,0.756718112157236,0.46139379935976854
RC_A_val,b447b9750464,0.7262828964632906,0.28125517233346503
RC_A_val,53b773673c09,0.84744450175223,-0.0389774740522681
RC_A_val,3c63f525b345,0.8466247378744969,0.13901345288986305
RC_A_val,1f7543143201,0.7261183423032044,-0.4032489249820347
RC_A_val,6cb6ebf3219b,0.5790502247269139,-0.41450094889753664
RC_A_val,5434d1aba526,0.15229334354949875,10.423809519673092
RC_A_val,43c14335a622,0.8257977500409864,0.15824815586126004
RC_A_val,37b65d39954c,0.7147792076921347,-0.19242655151569668
RC_A_val,ae6171342751,0.7430092817212685,-0.10299411222750246
RC_A_val,f63804064e38,0.8381540043168688,0.1216418927967214
RC_A_val,0fe1dbded3c1,0.8157284669554857,-0.13822487825707033
RC_A_val,53182235e4d6,0.5408216327715684,1.462785113167596
RC_A_val,511207b42703,0.38354444822643247,-0.19524250847541524
RC_A_val,7837dc507db5,0.5685654007939025,0.09310027597183067
RC_B,1b41966ebe41,0.6772748103091483,0.3053175255132458
RC_B,2f7a69da7b3f,0.5902391090085992,0.324029434071548
RC_B,39120e627f02,0.6807144092122054,0.038318227591222644
RC_B,e09a3ebd890e,0.736904791426096,0.12906122879554857
RC_B,62a293c9cdc1,0.8608134968660751,-0.02034646576098747
RC_B,a8c71343aec6,0.7037470721875017,-0.03225806447896536
RC_B,2ccdc2e2a28d,0.7077958494930466,0.48675034833559944
RC_B,9547cfb5e690,0.05948662229261352,-0.3920069883398106
RC_B,b5449cd3b52b,0.8383494192846351,0.10251312827822531
RC_B,28c12b040083,0.7654867254755441,0.31794871776755057
RC_B,58b1a40ec9bd,0.6696597045565971,0.4780715897326553
RC_B,ec273a5ee979,0.7274433245338102,0.32113249962616747
RC_B,df2c4a8ee021,0.6951707576910905,0.4294279694653333
RC_B,aace37b3d022,0.8005935818586257,-0.23679476694711407
RC_B,000188bcf74c,0.5374667673132001,-0.18356883085364667
RC_B,9fe43bba9aab,0.7194855134443091,0.14429911854644595
RC_B,c434953d734d,0.5479906089562228,-0.5213395955643578
RC_B,8bf26dbfc90d,0.7422161171311565,0.4981412637980723
RC_B,1bbe6f408866,0.8160031689174093,0.15984600027378826
RC_B,23315e0e1c34,0.6750440398502591,-0.017923649902717956
RC_B,28d218fdde87,0.8319425213923608,-0.01669882736999415
RC_B,a2d41195e237,0.8767295071321853,-0.014524026888992942
RC_B,1968db52d3fe,0.7478778386609906,0.10684352932707428
RC_B,a76067fe8566,0.7898072086910375,0.010854908305632759
RC_B,58ab9caf4e09,0.7181316899034641,0.5754401747662434
RC_B,e1817e116c9e,0.7484909456297496,-0.08086314593062315
RC_B,9729fc2c4b66,0.8414229248790139,-0.10902386765115232
RC_B,8985a2b45a15,0.8218757755381658,0.12437691717195279
RC_B,1d58efd27790,0.8445159259870454,-0.23711785008400407
RC_B,fb196e47fe74,0.6447195978200669,0.7879696787485428
RC_B,a48c64b9ef42,0.374802913103476,3.1744366732034046
RC_B,3450769f0d05,0.8069084627741038,0.19873417716487743
RC_B,a467320c34df,0.4973768982820256,1.7043982268775544
RC_B,dde361bcc146,0.7629738768267973,0.39909106208836387
RC_B,e6d8bb0650fc,0.20690378761862305,5.630904719270692
RC_B,424af1b8defd,0.757768016857185,0.17592920350868507
RC_B,cfb743b3bb6a,0.5655400516678958,1.0390124386833137
RC_B,e0679bebee16,0.6317570165199585,0.8282498776258224
RC_B,1e8063198adf,0.7956588145333423,0.09500953787166914
RC_B,b47a5d89cdab,0.8651764833614735,-0.09194209515426026
RC_B,fc57663da3c1,0.6125183168070927,0.40291750482750627
RC_B,f4feea2cb5ca,0.4497974844489879,0.363224181177217
RC_B,40edcb5b87ca,0.8964824943991051,0.036675428712952166
RC_B,d9a4e932cfa7,0.6185555302851149,0.8507607638635868
RC_B,6648007107b9,0.7468274111082782,0.3996954700419308
RC_B,fffefe18229f,0.7146795312345486,0.34884662066011873
RC_B,d7208b5a6cce,0.8883371446659041,0.08543398281980732
RC_B,b154858fc926,0.6556031404968587,0.28921568615636617
RC_B,14b823f450c4,0.8480954565758805,-0.04348383785999437
RC_B,8c990e58043e,0.5575132223447382,0.8030013641834469
RC_B,a6b351657a69,0.7416869423416781,0.4283604134839093
RC_B,57ab682f84e2,0.873599999930112,-0.03675200250718517
RC_B,a4d4fd42c8c8,0.0,-0.27017543850169284
RC_B,6f8535531fae,0.7193759970360971,0.12867924523446067
RC_B,d6262323da52,0.6136264375736187,0.9525037608096918
RC_B,95f2d7e1da8f,0.850550299203461,0.06994404475021102
RC_B,4d02bfc857fd,0.7972463221049959,-0.003201205159288089
RC_B,f91f9e4219b8,0.7415347542173943,0.4908413535660932
RC_B,f4f6622b73b6,0.6711281069676341,0.7893333329825185
RC_B,dcb628b5e41c,0.8074420818467375,0.29518346532867307
RC_B,a8de83adfe8b,0.7247551094230029,0.679303361629866
RC_B,d630fc07bf1e,0.7640720367143341,0.5355368741812119
RC_B,c85d8c35d3e7,0.5815226225639922,0.6692218685754668
RC_B,0a74781c8680,0.4255803367906554,1.161909330496064
RC_B,08adabf0fe6a,0.530583548098127,0.069852049461593
RC_B,32264c3d15ac,0.16056587088230487,2.1982182611742997
RC_B,6028d4a9c36e,0.8200250973634485,0.1902213221191637
RC_B,fa13c57fc8f3,0.8486055775684966,-0.006806579691773517
RC_B,c31d2b0b54cc,0.535349489231389,1.46977067356853
RC_B,dc43558bfa9a,0.811536859599566,0.02210759027033292
RC_B,063e0fcc0eaa,0.7127192981804898,0.4980598035840995
RC_B,be861d59cf53,0.6561720850326975,0.5524082854314439
RC_B,f3eb968a9f17,0.5197929968062509,0.9387714791746451
RC_B,bfbfe11c3fd4,0.5066784274033934,1.486436023999293
RC_B,2e51db7524f0,0.620545272844814,0.5462805911623115
RC_B,79ac6b0f6220,0.7068197394870784,0.43928944609419235
RC_B,07b3f8e2fdac,0.6292749656568,-0.44468085090614157
RC_B,0cf529132dec,0.7420809128827683,0.43979227521945286
RC_B,18e074bdd624,0.6498355297481649,0.854605263106782
RC_B,e1fbd34bcae1,0.8369585614951813,-0.029680672267909894
RC_B,564f356582e2,0.31843724904510645,-0.810630171607056
RC_B,25fcead80388,0.8569101677972135,0.19870855715455485
