feature,median_rel_drift
wavelet-HHL_glszm_SizeZoneNonUniformity,0.0
wavelet-HHH_glszm_GrayLevelNonUniformity,0.0
wavelet-HHH_glszm_ZoneEntropy,0.0
wavelet-HHH_glszm_GrayLevelVariance,0.0
wavelet-HHH_glszm_SizeZoneNonUniformityNormalized,0.0
log-sigma-5-0-mm-3D_glszm_SizeZoneNonUniformity,0.0
wavelet-HHH_glszm_GrayLevelNonUniformityNormalized,0.0
wavelet-HHH_glszm_SmallAreaEmphasis,1.1230979861267335e-06
wavelet-HHH_firstorder_Variance,0.03440555676865868
wavelet-HHH_firstorder_InterquartileRange,0.040684780624059586
wavelet-HHL_glcm_DifferenceEntropy,0.041242366885013156
wavelet-HHL_glcm_Imc1,0.041287128981396345
wavelet-LHH_firstorder_Variance,0.04154624597766193
wavelet-HHL_glcm_DifferenceVariance,0.04234993508245759
wavelet-HHL_glcm_JointEntropy,0.04235613057799601
wavelet-HHH_firstorder_RobustMeanAbsoluteDeviation,0.042685202986823045
wavelet-HHL_glcm_JointEnergy,0.043216229346927586
wavelet-HHH_glszm_SmallAreaHighGrayLevelEmphasis,0.0435200591695915
wavelet-HHH_firstorder_10Percentile,0.04666056814225128
wavelet-HHH_firstorder_90Percentile,0.047811538232393716
original_glszm_HighGrayLevelZoneEmphasis,0.049439639681427075
original_glszm_LowGrayLevelZoneEmphasis,0.0494396396814272
wavelet-LHH_firstorder_InterquartileRange,0.05023891346156055
wavelet-HHH_firstorder_MeanAbsoluteDeviation,0.05061898196372588
wavelet-LHH_firstorder_RobustMeanAbsoluteDeviation,0.0521525221454945
wavelet-HLH_firstorder_Variance,0.0585695126793204
wavelet-HHH_firstorder_RootMeanSquared,0.05936629998065752
wavelet-LHH_firstorder_90Percentile,0.060966132784619265
wavelet-HLL_glcm_Imc1,0.061066224943139215
wavelet-LHH_firstorder_10Percentile,0.06250269753319526
wavelet-HLL_glcm_DifferenceEntropy,0.06269632352455602
wavelet-HLL_glcm_DifferenceVariance,0.06387466509741933
wavelet-HLH_firstorder_InterquartileRange,0.06568517952120526
wavelet-HLH_firstorder_RobustMeanAbsoluteDeviation,0.06698498297467108
wavelet-LHH_firstorder_MeanAbsoluteDeviation,0.06729555800792394
original_glcm_Autocorrelation,0.07086277437695751
wavelet-LLL_gldm_LargeDependenceHighGrayLevelEmphasis,0.0718264989590421
wavelet-LLL_firstorder_Median,0.07365509654896057
wavelet-HLL_glcm_JointEntropy,0.07473863301769854
wavelet-LLH_glcm_Correlation,0.07505179835093076
wavelet-LLL_glcm_Autocorrelation,0.07607004783734514
original_firstorder_Median,0.07628893146872148
original_glcm_SumAverage,0.07742726954702706
original_glcm_JointAverage,0.07742726954702712
wavelet-HLH_firstorder_90Percentile,0.07781309434446251
wavelet-HHH_glszm_SmallAreaLowGrayLevelEmphasis,0.07812605405050534
original_gldm_LargeDependenceHighGrayLevelEmphasis,0.07839343845181337
wavelet-LLH_glcm_Idm,0.07846805136524378
wavelet-LLH_glcm_Id,0.07846805136524378
wavelet-LLH_glcm_Idn,0.07846805136524465
wavelet-LLH_glcm_Idmn,0.07846805136524496
wavelet-LLH_glcm_Contrast,0.07846805136524572
wavelet-LLH_glcm_DifferenceAverage,0.07846805136524572
wavelet-LLH_glcm_InverseVariance,0.07846805136524572
wavelet-HLL_glcm_JointEnergy,0.07847166158463961
wavelet-HLH_firstorder_10Percentile,0.07882924682296673
wavelet-LLL_glcm_JointAverage,0.07914113573957826
wavelet-LLL_glcm_SumAverage,0.07914113573957839
wavelet-LHH_firstorder_RootMeanSquared,0.07920914092543585
wavelet-LHL_glcm_DifferenceEntropy,0.08040110601862202
wavelet-LHL_glcm_Imc1,0.0807308326095103
wavelet-LHL_glcm_DifferenceVariance,0.0816288343716298
wavelet-LLH_glcm_ClusterProminence,0.08192342643461151
wavelet-LLH_glcm_Imc2,0.08312915549003265
wavelet-HLH_glcm_Imc2,0.08365622335518413
wavelet-HLH_glcm_MCC,0.08512475611883158
wavelet-LLL_gldm_HighGrayLevelEmphasis,0.08527330876976333
wavelet-LLL_gldm_LowGrayLevelEmphasis,0.0852733087697634
wavelet-HLH_firstorder_MeanAbsoluteDeviation,0.08615039839695382
original_gldm_LowGrayLevelEmphasis,0.08617424833433163
original_gldm_HighGrayLevelEmphasis,0.08617424833433172
wavelet-LLH_glcm_MCC,0.0867214352182848
wavelet-LLH_ngtdm_Contrast,0.0889427845565526
wavelet-LLH_ngtdm_Complexity,0.08946129603412725
wavelet-LLL_glszm_HighGrayLevelZoneEmphasis,0.0894781610915712
wavelet-LLL_glszm_LowGrayLevelZoneEmphasis,0.08947816109157125
wavelet-LLH_glcm_ClusterTendency,0.0931802495294104
wavelet-HLL_glcm_MCC,0.09532958055028165
wavelet-HLH_glcm_MaximumProbability,0.09581749625599247
wavelet-LHH_glcm_Correlation,0.09633442523875102
wavelet-LHH_glcm_Idmn,0.09734745248180282
wavelet-LHH_glcm_Contrast,0.09734745248180846
wavelet-LHH_glcm_InverseVariance,0.09734745248180846
wavelet-LHH_glcm_DifferenceAverage,0.09734745248180846
wavelet-LHH_glcm_Idn,0.09734745248180873
wavelet-LHH_glcm_Idm,0.09734745248181045
wavelet-LHH_glcm_Id,0.09734745248181045
wavelet-LHH_glcm_ClusterProminence,0.09842122290974678
wavelet-LHH_glcm_ClusterTendency,0.09900002640451935
wavelet-HLH_firstorder_RootMeanSquared,0.09919380218738665
wavelet-HLL_glcm_Imc2,0.09966819730712204
wavelet-HHL_glcm_SumEntropy,0.10115552681232774
wavelet-LHH_ngtdm_Complexity,0.10159768754134751
original_ngtdm_Contrast,0.10172600882600566
wavelet-LHH_ngtdm_Contrast,0.1030952331597089
wavelet-LHL_glcm_JointEntropy,0.10392885695599627
wavelet-HHH_glszm_ZoneVariance,0.10399773302924661
original_firstorder_Mean,0.10518830645989057
wavelet-LLL_firstorder_Mean,0.10819276731463887
wavelet-LLH_glcm_DifferenceVariance,0.1091364362231465
wavelet-LLL_ngtdm_Contrast,0.10921099342185984
log-sigma-5-0-mm-3D_glcm_ClusterProminence,0.10929706382132068
wavelet-LLH_glcm_DifferenceEntropy,0.10961634727766266
wavelet-LHL_glcm_JointEnergy,0.11100398364802405
wavelet-LLL_gldm_LargeDependenceLowGrayLevelEmphasis,0.11165682163692463
wavelet-LLH_glcm_Imc1,0.11167737527470915
original_glszm_SmallAreaLowGrayLevelEmphasis,0.11174194823881621
wavelet-LLH_glcm_JointEntropy,0.11234374805369424
wavelet-HLL_glcm_SumEntropy,0.11674033636027237
log-sigma-5-0-mm-3D_glcm_SumSquares,0.11904890786011219
log-sigma-5-0-mm-3D_glcm_ClusterTendency,0.11964610651000546
wavelet-LLH_glcm_JointEnergy,0.12054266943976391
wavelet-LLH_glcm_SumEntropy,0.1228510577516211
wavelet-LHH_glcm_SumEntropy,0.12474402450187023
original_shape_Elongation,0.12559954936549075
log-sigma-5-0-mm-3D_glcm_Imc2,0.12604377389093074
wavelet-HHL_glcm_MCC,0.12621171673639775
log-sigma-5-0-mm-3D_glcm_JointEnergy,0.12702276601463003
original_gldm_LargeDependenceLowGrayLevelEmphasis,0.12735611659557144
log-sigma-5-0-mm-3D_firstorder_Uniformity,0.1287672887109917
log-sigma-5-0-mm-3D_gldm_GrayLevelVariance,0.12876728871099175
original_gldm_DependenceEntropy,0.1292665009352442
original_firstorder_10Percentile,0.1314583187725627
log-sigma-5-0-mm-3D_glcm_SumAverage,0.13215258103502342
log-sigma-5-0-mm-3D_glcm_JointAverage,0.13215258103502348
log-sigma-5-0-mm-3D_glcm_Autocorrelation,0.13224562862548256
wavelet-LLL_firstorder_10Percentile,0.13229030510968715
original_glcm_DifferenceVariance,0.1323298490721506
wavelet-LLL_gldm_DependenceEntropy,0.13329937083029902
original_glcm_Idmn,0.13369655856550108
original_glcm_DifferenceAverage,0.13369655856550347
original_glcm_Contrast,0.13369655856550347
original_glcm_InverseVariance,0.13369655856550347
original_glcm_Id,0.1336965585655035
original_glcm_Idm,0.1336965585655035
original_glcm_Idn,0.13369655856550478
original_glcm_ClusterShade,0.13506098218880516
original_glcm_SumSquares,0.13534006166791018
original_glcm_JointEnergy,0.1358482709581744
log-sigma-5-0-mm-3D_firstorder_RootMeanSquared,0.13840917134379205
original_ngtdm_Complexity,0.13882250906161483
original_glcm_DifferenceEntropy,0.1398491078622498
log-sigma-5-0-mm-3D_glcm_SumEntropy,0.14125582135035578
wavelet-HHL_glcm_Imc2,0.14127454560253794
log-sigma-5-0-mm-3D_firstorder_90Percentile,0.14167437347263256
wavelet-LLL_glcm_SumSquares,0.14189575942364796
log-sigma-5-0-mm-3D_gldm_LowGrayLevelEmphasis,0.14232437573376328
log-sigma-5-0-mm-3D_gldm_HighGrayLevelEmphasis,0.1423243757337634
log-sigma-5-0-mm-3D_ngtdm_Contrast,0.14234324896432277
wavelet-LLL_glcm_ClusterTendency,0.142344478033202
wavelet-LLL_glcm_JointEnergy,0.14345252785149315
wavelet-LLH_firstorder_Variance,0.14352303219328755
log-sigma-5-0-mm-3D_glcm_JointEntropy,0.1438782351769783
original_glcm_MaximumProbability,0.1441133305085779
log-sigma-4-0-mm-3D_firstorder_90Percentile,0.1442779332314475
log-sigma-5-0-mm-3D_firstorder_Entropy,0.1452938907211247
wavelet-HLH_glcm_JointEnergy,0.1457871227260435
wavelet-HLH_glcm_JointEntropy,0.1473601595652847
wavelet-HLH_glcm_DifferenceVariance,0.14769746336926687
log-sigma-5-0-mm-3D_glcm_MaximumProbability,0.14974563984931444
original_glcm_JointEntropy,0.15015396393935096
wavelet-HHL_firstorder_InterquartileRange,0.1505192495857376
wavelet-HLH_glcm_Imc1,0.15106855493316126
wavelet-LLL_glcm_ClusterShade,0.15109514394475584
wavelet-HLH_glcm_DifferenceEntropy,0.1511123266700894
original_gldm_DependenceNonUniformityNormalized,0.15146270392399183
wavelet-LLH_firstorder_InterquartileRange,0.15166284431973293
wavelet-LLL_glcm_MaximumProbability,0.15368655398619938
original_glcm_SumEntropy,0.15400089864444141
original_gldm_GrayLevelVariance,0.15408153451387702
original_firstorder_Uniformity,0.15408153451387727
log-sigma-5-0-mm-3D_firstorder_Median,0.15542010158595193
wavelet-LLL_glcm_Idn,0.15580133802859175
wavelet-LLL_glcm_Idmn,0.15580133802859508
wavelet-LLL_glcm_Id,0.15580133802859522
wavelet-LLL_glcm_Idm,0.15580133802859522
wavelet-LLL_glcm_Contrast,0.1558013380285955
wavelet-LLL_glcm_DifferenceAverage,0.1558013380285955
wavelet-LLL_glcm_InverseVariance,0.1558013380285955
wavelet-LLL_gldm_GrayLevelVariance,0.1561031516599714
wavelet-LLL_firstorder_Uniformity,0.15610315165997152
wavelet-HLL_glcm_MaximumProbability,0.15618163300561527
wavelet-LLL_glcm_DifferenceVariance,0.15651320313646125
wavelet-LLL_glcm_JointEntropy,0.15731792320269344
wavelet-LLH_firstorder_RobustMeanAbsoluteDeviation,0.15744015387741578
log-sigma-5-0-mm-3D_firstorder_Mean,0.15774115782758757
wavelet-HHL_firstorder_RobustMeanAbsoluteDeviation,0.1585419296133836
log-sigma-5-0-mm-3D_glcm_ClusterShade,0.16076362113343792
original_glcm_ClusterTendency,0.16078613294927158
wavelet-LLL_glcm_SumEntropy,0.16082198581501733
log-sigma-4-0-mm-3D_firstorder_Median,0.16226866670604995
wavelet-HHH_firstorder_Minimum,0.1624374919437758
wavelet-LLL_ngtdm_Complexity,0.16348299036035796
wavelet-LLL_glcm_DifferenceEntropy,0.16498428252198308
wavelet-HLH_glcm_SumEntropy,0.16658482519941284
wavelet-LLL_glrlm_LongRunHighGrayLevelEmphasis,0.16719685216223995
wavelet-HHL_glcm_MaximumProbability,0.16843852607848012
wavelet-HLL_firstorder_InterquartileRange,0.16858732048495573
original_glrlm_LongRunHighGrayLevelEmphasis,0.16903229308845374
wavelet-LHH_firstorder_Maximum,0.16924178483175703
wavelet-LLH_gldm_DependenceVariance,0.16954291955624917
original_firstorder_Entropy,0.1698067844524562
wavelet-LLL_gldm_DependenceNonUniformityNormalized,0.17013657887181532
wavelet-HLL_firstorder_10Percentile,0.17072555039150805
wavelet-HHL_firstorder_90Percentile,0.17084540410806714
wavelet-HHH_firstorder_Range,0.17089926964201646
wavelet-LLL_firstorder_Entropy,0.17142982737512757
wavelet-LHH_glcm_Imc2,0.1715316970567657
wavelet-HHL_firstorder_10Percentile,0.17181889834206748
log-sigma-4-0-mm-3D_glcm_ClusterTendency,0.17209842282364501
original_glszm_SmallAreaHighGrayLevelEmphasis,0.17210074122249466
log-sigma-4-0-mm-3D_glrlm_RunLengthNonUniformity,0.17230819840075506
log-sigma-4-0-mm-3D_glcm_SumSquares,0.17260674665952228
log-sigma-5-0-mm-3D_glrlm_RunLengthNonUniformity,0.17268188956343328
log-sigma-4-0-mm-3D_ngtdm_Contrast,0.17319270981763696
wavelet-HHH_firstorder_Maximum,0.17336880221230816
wavelet-LLL_firstorder_90Percentile,0.1733989922186828
log-sigma-4-0-mm-3D_glcm_JointEnergy,0.17496780437596154
log-sigma-4-0-mm-3D_firstorder_Mean,0.17504887563236118
original_firstorder_90Percentile,0.17560406949399465
wavelet-LHH_firstorder_Minimum,0.17594207415103502
log-sigma-4-0-mm-3D_glcm_SumAverage,0.17649535009705963
log-sigma-4-0-mm-3D_glcm_JointAverage,0.17649535009705977
wavelet-LHH_firstorder_TotalEnergy,0.17724417809218107
wavelet-LHH_firstorder_Energy,0.1772441780921811
log-sigma-4-0-mm-3D_firstorder_RootMeanSquared,0.1772817866815088
wavelet-LLH_firstorder_10Percentile,0.17734138771379293
wavelet-LLH_firstorder_MeanAbsoluteDeviation,0.1783945734397318
log-sigma-4-0-mm-3D_glcm_Autocorrelation,0.17870786160108038
wavelet-LHH_glcm_MCC,0.1795923232045806
log-sigma-4-0-mm-3D_firstorder_Uniformity,0.18359107655008494
log-sigma-4-0-mm-3D_gldm_GrayLevelVariance,0.1835910765500852
wavelet-LLL_glcm_ClusterProminence,0.18372937600897643
log-sigma-5-0-mm-3D_firstorder_10Percentile,0.18404527616384173
wavelet-HLL_firstorder_RobustMeanAbsoluteDeviation,0.18447873902630607
wavelet-HHL_firstorder_Variance,0.18488097259042058
wavelet-LLH_firstorder_90Percentile,0.1849581588701369
original_shape_MajorAxisLength,0.1872260194519181
wavelet-HHL_firstorder_MeanAbsoluteDeviation,0.18809578709599595
wavelet-LLH_firstorder_RootMeanSquared,0.1891878702685386
log-sigma-4-0-mm-3D_glcm_SumEntropy,0.18994923666666774
log-sigma-4-0-mm-3D_gldm_LargeDependenceLowGrayLevelEmphasis,0.19079128312442245
log-sigma-4-0-mm-3D_gldm_HighGrayLevelEmphasis,0.19352482539038018
log-sigma-4-0-mm-3D_gldm_LowGrayLevelEmphasis,0.1935248253903804
log-sigma-4-0-mm-3D_glcm_JointEntropy,0.194199457438893
wavelet-LHH_firstorder_Range,0.1951472225229296
log-sigma-4-0-mm-3D_glcm_MaximumProbability,0.19580698367026553
log-sigma-5-0-mm-3D_glcm_DifferenceVariance,0.1965759960165518
log-sigma-4-0-mm-3D_firstorder_Entropy,0.19822404168194788
log-sigma-5-0-mm-3D_gldm_LargeDependenceHighGrayLevelEmphasis,0.1982865028920036
wavelet-HLH_gldm_DependenceEntropy,0.1991995366886254
wavelet-HLL_glcm_ClusterTendency,0.19923764532075836
wavelet-HLL_ngtdm_Contrast,0.19980368539642054
wavelet-HLL_glcm_ClusterProminence,0.20032723125656798
wavelet-LHH_glcm_MaximumProbability,0.2005888092353748
wavelet-HLL_glcm_Correlation,0.20184669979665018
original_ngtdm_Busyness,0.20214087695099225
log-sigma-4-0-mm-3D_firstorder_10Percentile,0.20221983966154558
wavelet-HLL_ngtdm_Complexity,0.2028644650435773
log-sigma-5-0-mm-3D_glcm_Id,0.2036073867156571
log-sigma-5-0-mm-3D_glcm_Idm,0.2036073867156571
log-sigma-5-0-mm-3D_glcm_Idn,0.2036073867156577
log-sigma-5-0-mm-3D_glcm_Idmn,0.2036073867156611
log-sigma-5-0-mm-3D_glcm_InverseVariance,0.20360738671566278
log-sigma-5-0-mm-3D_glcm_DifferenceAverage,0.20360738671566278
log-sigma-5-0-mm-3D_glcm_Contrast,0.20360738671566278
wavelet-LLL_glszm_SmallAreaLowGrayLevelEmphasis,0.20448070170524593
log-sigma-3-0-mm-3D_glrlm_RunLengthNonUniformity,0.20505483803841904
original_gldm_LargeDependenceEmphasis,0.20523973365752834
wavelet-LLL_firstorder_RootMeanSquared,0.20532653958398345
log-sigma-3-0-mm-3D_firstorder_90Percentile,0.2058369467240464
wavelet-HLL_glcm_Idmn,0.20612944973016134
wavelet-HLL_glcm_Id,0.2061294497301698
wavelet-HLL_glcm_Idm,0.2061294497301698
wavelet-HLL_glcm_Contrast,0.20612944973017144
wavelet-HLL_glcm_DifferenceAverage,0.20612944973017144
wavelet-HLL_glcm_InverseVariance,0.20612944973017144
wavelet-HLL_glcm_Idn,0.20612944973017372
original_glszm_SizeZoneNonUniformity,0.2077188991694715
log-sigma-5-0-mm-3D_glcm_DifferenceEntropy,0.20878906503672037
wavelet-LLH_firstorder_Maximum,0.20879163994306976
wavelet-HLH_firstorder_Minimum,0.20945700529653677
wavelet-HHH_glcm_SumEntropy,0.21047791108130315
log-sigma-4-0-mm-3D_glcm_ClusterShade,0.2107029250764954
wavelet-LHL_firstorder_10Percentile,0.211634738452177
log-sigma-3-0-mm-3D_firstorder_Median,0.21245719075733166
wavelet-HHH_firstorder_Energy,0.21311808315991948
wavelet-HHH_firstorder_TotalEnergy,0.21311808315991948
log-sigma-5-0-mm-3D_ngtdm_Complexity,0.21321120666076834
original_firstorder_RootMeanSquared,0.21325660804925645
log-sigma-2-0-mm-3D_glcm_ClusterShade,0.2140948317357906
wavelet-LLL_ngtdm_Busyness,0.21527442182129597
wavelet-HHL_firstorder_RootMeanSquared,0.2169683738958045
wavelet-LHH_gldm_DependenceEntropy,0.21705741058105327
log-sigma-5-0-mm-3D_glrlm_GrayLevelNonUniformityNormalized,0.217059614000982
log-sigma-5-0-mm-3D_glrlm_GrayLevelVariance,0.21705961400098206
log-sigma-3-0-mm-3D_gldm_LargeDependenceLowGrayLevelEmphasis,0.21805264743149966
log-sigma-4-0-mm-3D_gldm_LargeDependenceHighGrayLevelEmphasis,0.22105646398698212
original_glrlm_LongRunEmphasis,0.22193065081004826
wavelet-LLH_gldm_DependenceNonUniformityNormalized,0.222149997090613
wavelet-LLH_glcm_MaximumProbability,0.22215034376855522
original_glrlm_RunPercentage,0.22261038915584247
original_glszm_GrayLevelVariance,0.2230398368621065
original_glszm_GrayLevelNonUniformityNormalized,0.22303983686210663
original_glszm_GrayLevelNonUniformity,0.22330711513468077
wavelet-LLL_gldm_LargeDependenceEmphasis,0.22345874751436515
wavelet-HHL_glszm_ZoneVariance,0.22422520062085213
wavelet-HLH_firstorder_Range,0.22474002117836633
log-sigma-4-0-mm-3D_glcm_Imc2,0.22543209299146633
log-sigma-5-0-mm-3D_gldm_LargeDependenceLowGrayLevelEmphasis,0.22553113093061888
wavelet-HLH_firstorder_Maximum,0.2271712035461607
wavelet-HLL_gldm_DependenceEntropy,0.22781963399279653
wavelet-LHH_glcm_Imc1,0.22866057109600424
wavelet-LHH_glcm_DifferenceEntropy,0.22866404271488427
original_glcm_ClusterProminence,0.2288566729778543
wavelet-LLH_gldm_DependenceEntropy,0.23209021903625934
log-sigma-3-0-mm-3D_glcm_SumAverage,0.23298765375641264
log-sigma-3-0-mm-3D_glcm_JointAverage,0.23298765375641284
wavelet-LLH_gldm_LargeDependenceLowGrayLevelEmphasis,0.23336297770718545
wavelet-LHH_glcm_DifferenceVariance,0.23484763510460466
log-sigma-3-0-mm-3D_glcm_ClusterShade,0.2353153644108748
log-sigma-5-0-mm-3D_glcm_MCC,0.23635580170817158
log-sigma-5-0-mm-3D_glcm_Correlation,0.23635580170824189
original_shape_Maximum2DDiameterRow,0.2365007783274954
log-sigma-5-0-mm-3D_ngtdm_Coarseness,0.23659213147472885
wavelet-LHH_glcm_JointEntropy,0.23743805078118219
wavelet-LHH_glcm_JointEnergy,0.2385765506393396
log-sigma-3-0-mm-3D_glcm_Autocorrelation,0.23909316899980648
log-sigma-3-0-mm-3D_glcm_SumSquares,0.2393761162014056
log-sigma-3-0-mm-3D_firstorder_Mean,0.23950318127022996
log-sigma-3-0-mm-3D_firstorder_10Percentile,0.24172757919658078
wavelet-HHL_glcm_Idmn,0.2419114217463172
wavelet-HHL_glcm_DifferenceAverage,0.24191142174632677
wavelet-HHL_glcm_Contrast,0.24191142174632677
wavelet-HHL_glcm_InverseVariance,0.24191142174632677
wavelet-HHL_glcm_Idn,0.24191142174633337
wavelet-HHL_glcm_Idm,0.24191142174634878
wavelet-HHL_glcm_Id,0.24191142174634878
original_shape_Maximum3DDiameter,0.2421979607291147
log-sigma-3-0-mm-3D_glcm_ClusterTendency,0.24256712457324822
wavelet-LHL_firstorder_InterquartileRange,0.24272228290290881
wavelet-LHL_glcm_ClusterProminence,0.24490293243204278
wavelet-HLH_firstorder_Energy,0.24493893911040626
wavelet-HLH_firstorder_TotalEnergy,0.24493893911040632
wavelet-HHL_glcm_Correlation,0.24573699125374776
wavelet-LLL_glrlm_LongRunEmphasis,0.24635752535730443
wavelet-HLL_firstorder_MeanAbsoluteDeviation,0.24671470092945133
wavelet-LHL_glcm_InverseVariance,0.2472060820644761
wavelet-LHL_glcm_Contrast,0.2472060820644761
wavelet-LHL_glcm_DifferenceAverage,0.2472060820644761
wavelet-LHL_glcm_Idm,0.24720608206447953
wavelet-LHL_glcm_Id,0.24720608206447953
wavelet-LHL_glcm_Idn,0.24720608206447953
wavelet-LHL_glcm_Idmn,0.24720608206448547
wavelet-LHL_glcm_Correlation,0.24779100528925446
wavelet-LHL_glcm_ClusterTendency,0.24807184318183068
wavelet-HHL_glcm_ClusterTendency,0.24839588668789928
log-sigma-3-0-mm-3D_gldm_LowGrayLevelEmphasis,0.24866057551322263
log-sigma-3-0-mm-3D_gldm_HighGrayLevelEmphasis,0.2486605755132228
wavelet-HHL_glcm_ClusterProminence,0.24868135976025915
wavelet-LHL_firstorder_RobustMeanAbsoluteDeviation,0.2510053357627562
log-sigma-5-0-mm-3D_glcm_Imc1,0.25133158015563056
wavelet-HLL_firstorder_Variance,0.25291708413922553
wavelet-LHH_gldm_DependenceVariance,0.2558520845580132
log-sigma-5-0-mm-3D_ngtdm_Busyness,0.25594686406617384
wavelet-LLL_glrlm_RunPercentage,0.2560123608904127
log-sigma-3-0-mm-3D_glcm_MaximumProbability,0.25614295461474174
wavelet-LHL_ngtdm_Complexity,0.2563410053187925
wavelet-LHL_ngtdm_Contrast,0.25807881501785956
wavelet-HHH_glcm_Imc2,0.25901119330295136
wavelet-LLH_firstorder_Range,0.25963994762638964
log-sigma-3-0-mm-3D_glcm_SumEntropy,0.2597256305668695
log-sigma-3-0-mm-3D_glcm_JointEnergy,0.2602891311939123
wavelet-HHH_glcm_MaximumProbability,0.2616219693639504
log-sigma-1-0-mm-3D_glcm_ClusterShade,0.2618871093719773
wavelet-HLH_gldm_DependenceVariance,0.26232460965092946
wavelet-HHH_glcm_MCC,0.26309063102691943
log-sigma-1-0-mm-3D_glcm_Imc2,0.265046137039193
log-sigma-2-0-mm-3D_gldm_LargeDependenceLowGrayLevelEmphasis,0.26518865598969266
wavelet-HLL_gldm_DependenceVariance,0.26557216143771123
original_glrlm_RunLengthNonUniformity,0.2658164942264004
wavelet-HHL_glszm_SmallAreaHighGrayLevelEmphasis,0.2666668008884213
wavelet-HHL_glszm_SmallAreaLowGrayLevelEmphasis,0.2666668169204399
log-sigma-5-0-mm-3D_glrlm_GrayLevelNonUniformity,0.2671783045212195
wavelet-LLH_firstorder_Minimum,0.2671896020590156
wavelet-LLH_firstorder_Kurtosis,0.2672044882890128
original_shape_SurfaceArea,0.26723672208080607
wavelet-HLH_ngtdm_Contrast,0.2676887966596099
wavelet-LLL_glrlm_GrayLevelNonUniformityNormalized,0.26786857674705966
wavelet-LLL_glrlm_GrayLevelVariance,0.26786857674706055
wavelet-HLL_firstorder_90Percentile,0.2680328189306302
original_glrlm_RunVariance,0.2689478479817452
log-sigma-3-0-mm-3D_firstorder_Uniformity,0.26925652997734595
log-sigma-3-0-mm-3D_gldm_GrayLevelVariance,0.2692565299773465
wavelet-LHL_gldm_DependenceEntropy,0.2699480323481268
wavelet-HLH_glcm_InverseVariance,0.27086027515977196
wavelet-HLH_glcm_Contrast,0.27086027515977196
wavelet-HLH_glcm_DifferenceAverage,0.27086027515977196
wavelet-HLH_glcm_Idm,0.27086027515977684
wavelet-HLH_glcm_Id,0.27086027515977684
wavelet-HLH_glcm_Idn,0.27086027515978617
wavelet-HLH_glcm_Idmn,0.2708602751598187
wavelet-HLH_ngtdm_Complexity,0.2711598228259712
original_glrlm_LongRunLowGrayLevelEmphasis,0.2713264650128785
original_shape_Maximum2DDiameterColumn,0.27177390123448475
log-sigma-3-0-mm-3D_firstorder_Entropy,0.2718282316949103
wavelet-HHH_glcm_DifferenceVariance,0.27221724454118906
wavelet-LLL_glrlm_RunLengthNonUniformity,0.27269418303724163
wavelet-HLH_glcm_Correlation,0.27356731778638843
log-sigma-2-0-mm-3D_firstorder_Median,0.27366863814438297
wavelet-HHH_glcm_JointEnergy,0.2738114612003195
wavelet-HLH_glcm_ClusterProminence,0.27416050148204285
wavelet-HHL_ngtdm_Contrast,0.27431380370639774
wavelet-HHL_ngtdm_Complexity,0.2749534712493755
wavelet-LLL_glcm_Imc2,0.2760192878286335
log-sigma-3-0-mm-3D_glcm_JointEntropy,0.2765296804398438
log-sigma-1-0-mm-3D_glcm_ClusterTendency,0.27779489019596776
wavelet-HLH_glcm_ClusterTendency,0.27785540152549526
wavelet-HHH_glcm_Imc1,0.27822568453158114
wavelet-HHH_glcm_JointEntropy,0.27835640084939867
wavelet-HHH_glcm_DifferenceEntropy,0.27842302302850636
log-sigma-1-0-mm-3D_gldm_LargeDependenceLowGrayLevelEmphasis,0.2792620933147348
wavelet-LHL_gldm_DependenceVariance,0.2795643600811528
log-sigma-1-0-mm-3D_glcm_Idmn,0.2796816450303533
log-sigma-1-0-mm-3D_glcm_Idm,0.27968164503036774
log-sigma-1-0-mm-3D_glcm_Id,0.27968164503036774
log-sigma-1-0-mm-3D_glcm_InverseVariance,0.2796816450303749
log-sigma-1-0-mm-3D_glcm_DifferenceAverage,0.2796816450303749
log-sigma-1-0-mm-3D_glcm_Contrast,0.2796816450303749
log-sigma-1-0-mm-3D_glcm_Idn,0.2796816450303909
log-sigma-2-0-mm-3D_firstorder_10Percentile,0.28062827197220186
original_shape_Maximum2DDiameterSlice,0.2813955578732098
wavelet-HHL_firstorder_Kurtosis,0.28198714397655644
wavelet-HLL_gldm_DependenceNonUniformityNormalized,0.2821478120020416
wavelet-HLH_gldm_DependenceNonUniformityNormalized,0.2821749303510417
wavelet-LHL_glcm_MaximumProbability,0.2828826457042131
log-sigma-3-0-mm-3D_firstorder_RootMeanSquared,0.28303889551542877
log-sigma-3-0-mm-3D_ngtdm_Contrast,0.283040889825494
log-sigma-4-0-mm-3D_glcm_DifferenceVariance,0.28392069260241354
log-sigma-1-0-mm-3D_glcm_Correlation,0.2857382326994439
log-sigma-1-0-mm-3D_glcm_MCC,0.2857382326994442
wavelet-LHL_gldm_DependenceNonUniformityNormalized,0.28623541645203426
log-sigma-4-0-mm-3D_glcm_Contrast,0.2873418980049446
log-sigma-4-0-mm-3D_glcm_InverseVariance,0.2873418980049446
log-sigma-4-0-mm-3D_glcm_DifferenceAverage,0.2873418980049446
log-sigma-4-0-mm-3D_glcm_Id,0.2873418980049472
log-sigma-4-0-mm-3D_glcm_Idm,0.2873418980049472
log-sigma-4-0-mm-3D_glcm_Idmn,0.28734189800494814
log-sigma-4-0-mm-3D_glcm_Idn,0.2873418980049531
log-sigma-4-0-mm-3D_ngtdm_Complexity,0.2877454499206817
log-sigma-3-0-mm-3D_glcm_Imc2,0.28858996595690306
original_glrlm_GrayLevelVariance,0.28974819454624356
original_glrlm_GrayLevelNonUniformityNormalized,0.2897481945462437
wavelet-LLH_glrlm_RunLengthNonUniformityNormalized,0.2902706113255992
log-sigma-4-0-mm-3D_ngtdm_Busyness,0.29154009431947825
log-sigma-2-0-mm-3D_glrlm_RunLengthNonUniformity,0.29420421925747686
log-sigma-2-0-mm-3D_glcm_SumAverage,0.2947276994791728
log-sigma-2-0-mm-3D_glcm_JointAverage,0.2947276994791729
log-sigma-1-0-mm-3D_glcm_ClusterProminence,0.2948094235550946
log-sigma-2-0-mm-3D_glcm_Autocorrelation,0.29561932806186164
log-sigma-5-0-mm-3D_firstorder_Skewness,0.2962478843079522
wavelet-LLL_glrlm_LowGrayLevelRunEmphasis,0.29641581434327524
wavelet-LLL_glrlm_HighGrayLevelRunEmphasis,0.29641581434327535
log-sigma-1-0-mm-3D_glcm_DifferenceVariance,0.29691414981064
wavelet-LLL_glrlm_LongRunLowGrayLevelEmphasis,0.29761876570795953
log-sigma-5-0-mm-3D_firstorder_Maximum,0.2976238973079254
wavelet-LLH_gldm_LargeDependenceEmphasis,0.2999408546559785
log-sigma-4-0-mm-3D_glrlm_GrayLevelVariance,0.29997318024906006
log-sigma-4-0-mm-3D_glrlm_GrayLevelNonUniformityNormalized,0.29997318024906044
wavelet-LLL_glszm_SizeZoneNonUniformity,0.3002475944858243
log-sigma-1-0-mm-3D_glcm_JointAverage,0.30027794621859477
log-sigma-1-0-mm-3D_glcm_SumAverage,0.3002779462185952
wavelet-LHL_firstorder_Variance,0.30046294425502085
log-sigma-2-0-mm-3D_ngtdm_Busyness,0.3008595323249511
original_glrlm_RunLengthNonUniformityNormalized,0.30196609545079744
log-sigma-3-0-mm-3D_gldm_LargeDependenceHighGrayLevelEmphasis,0.3028925097531129
log-sigma-3-0-mm-3D_ngtdm_Busyness,0.303914476984136
wavelet-LLH_firstorder_Median,0.30607693783650464
log-sigma-1-0-mm-3D_glcm_DifferenceEntropy,0.30661512694546095
log-sigma-3-0-mm-3D_glszm_SmallAreaHighGrayLevelEmphasis,0.30662914519005485
wavelet-HLH_glcm_SumSquares,0.3072128352257157
log-sigma-4-0-mm-3D_glcm_DifferenceEntropy,0.31000192667610466
log-sigma-5-0-mm-3D_glszm_LargeAreaHighGrayLevelEmphasis,0.31019568252891494
log-sigma-4-0-mm-3D_glrlm_GrayLevelNonUniformity,0.310841609272456
wavelet-LLL_glszm_SmallAreaHighGrayLevelEmphasis,0.3110355271654831
original_shape_MinorAxisLength,0.3113223968164268
wavelet-LHL_glcm_MCC,0.3117293274191744
log-sigma-5-0-mm-3D_glszm_ZoneVariance,0.31279318387471644
wavelet-LHH_gldm_DependenceNonUniformityNormalized,0.31286019663275
log-sigma-1-0-mm-3D_glcm_JointEntropy,0.31305513290795045
original_glrlm_LowGrayLevelRunEmphasis,0.3148549709706143
original_glrlm_HighGrayLevelRunEmphasis,0.31485497097061454
log-sigma-1-0-mm-3D_ngtdm_Complexity,0.314894387854249
log-sigma-5-0-mm-3D_glszm_LowGrayLevelZoneEmphasis,0.3154901960784311
log-sigma-5-0-mm-3D_glszm_HighGrayLevelZoneEmphasis,0.31549019607843143
log-sigma-4-0-mm-3D_firstorder_Maximum,0.31551006619544264
log-sigma-1-0-mm-3D_firstorder_10Percentile,0.3156131780100172
log-sigma-1-0-mm-3D_glcm_SumSquares,0.31610945008776675
log-sigma-4-0-mm-3D_glcm_ClusterProminence,0.31617246318485703
wavelet-LHL_glcm_Imc2,0.3161930119459927
log-sigma-1-0-mm-3D_glcm_Autocorrelation,0.31655315890292435
wavelet-LHH_glcm_SumSquares,0.31658190651922763
log-sigma-5-0-mm-3D_gldm_DependenceEntropy,0.31723131868294346
log-sigma-1-0-mm-3D_glcm_JointEnergy,0.3172867743729809
log-sigma-5-0-mm-3D_glszm_LargeAreaEmphasis,0.31747212687068593
log-sigma-1-0-mm-3D_glcm_Imc1,0.31818182130849404
log-sigma-4-0-mm-3D_firstorder_Skewness,0.31839189487933683
log-sigma-4-0-mm-3D_firstorder_RobustMeanAbsoluteDeviation,0.31875625676608854
wavelet-HHH_glcm_Correlation,0.32012197189153213
wavelet-LHL_glcm_SumEntropy,0.32017347512543637
log-sigma-4-0-mm-3D_glcm_Correlation,0.32024263422429555
wavelet-HHH_glcm_SumSquares,0.32077338682993645
log-sigma-4-0-mm-3D_glcm_MCC,0.32091731368124976
original_glcm_Imc2,0.32100820048858364
log-sigma-2-0-mm-3D_gldm_LowGrayLevelEmphasis,0.3214633195981409
log-sigma-2-0-mm-3D_gldm_HighGrayLevelEmphasis,0.3214633195981414
wavelet-HHH_glcm_Idn,0.32183474176740823
wavelet-HHH_glcm_Idm,0.3218347417675088
wavelet-HHH_glcm_Id,0.3218347417675088
wavelet-HHH_glcm_Contrast,0.32183474176751325
wavelet-HHH_glcm_DifferenceAverage,0.32183474176751325
wavelet-HHH_glcm_InverseVariance,0.32183474176751325
wavelet-HHH_glcm_Idmn,0.32183474176764293
wavelet-LLH_glcm_SumAverage,0.32282457925694585
wavelet-LLH_glcm_JointAverage,0.32282457925694585
log-sigma-4-0-mm-3D_firstorder_InterquartileRange,0.32327633468200123
wavelet-HLH_glrlm_GrayLevelVariance,0.3242827636618823
wavelet-HLH_glrlm_GrayLevelNonUniformityNormalized,0.3242827636621833
wavelet-LHH_glrlm_GrayLevelVariance,0.32463684901939904
wavelet-LHH_glrlm_GrayLevelNonUniformityNormalized,0.32463684902533746
wavelet-LLL_glszm_GrayLevelNonUniformity,0.32514290608636365
wavelet-HHH_glcm_ClusterTendency,0.3253045953589526
wavelet-HHH_glcm_ClusterProminence,0.32563814754780324
wavelet-HHH_firstorder_Median,0.32564843752328587
log-sigma-1-0-mm-3D_gldm_HighGrayLevelEmphasis,0.3268257345833705
log-sigma-1-0-mm-3D_gldm_LowGrayLevelEmphasis,0.32682573458337083
wavelet-HLL_firstorder_RootMeanSquared,0.32707107788659906
wavelet-LLH_gldm_LargeDependenceHighGrayLevelEmphasis,0.32717571229556985
log-sigma-1-0-mm-3D_firstorder_Median,0.32961285640779064
log-sigma-2-0-mm-3D_glszm_SizeZoneNonUniformity,0.32977175922720475
log-sigma-5-0-mm-3D_glszm_SizeZoneNonUniformityNormalized,0.32986111111111105
log-sigma-1-0-mm-3D_ngtdm_Contrast,0.33011057453595527
wavelet-HHL_glcm_SumSquares,0.33045102980541463
wavelet-LLL_glrlm_RunVariance,0.3312622199103973
wavelet-LLH_glrlm_RunPercentage,0.3326240623310729
log-sigma-1-0-mm-3D_firstorder_Uniformity,0.333388183283756
log-sigma-1-0-mm-3D_gldm_GrayLevelVariance,0.3333881832837625
wavelet-LLH_glcm_Autocorrelation,0.3337762335197799
wavelet-HLH_firstorder_Entropy,0.3342103210748812
wavelet-HLH_firstorder_Uniformity,0.3342134491871713
wavelet-HLH_gldm_GrayLevelVariance,0.3342134491883607
wavelet-LHL_firstorder_90Percentile,0.3356943644620288
wavelet-LHH_glcm_Autocorrelation,0.3358156220842149
log-sigma-1-0-mm-3D_firstorder_Entropy,0.33589046752920326
wavelet-LLH_glcm_ClusterShade,0.3362004432661916
log-sigma-1-0-mm-3D_ngtdm_Busyness,0.33667828179208326
wavelet-HHH_firstorder_Kurtosis,0.33700019101399525
wavelet-LLL_ngtdm_Strength,0.33701169529544467
wavelet-LLH_glrlm_ShortRunLowGrayLevelEmphasis,0.33747305014156437
log-sigma-4-0-mm-3D_firstorder_Variance,0.33884855470266817
wavelet-HHH_glcm_SumAverage,0.33933264746237124
wavelet-HHH_glcm_JointAverage,0.33933264746241565
log-sigma-2-0-mm-3D_firstorder_Mean,0.33939402938134067
wavelet-LLL_glrlm_RunLengthNonUniformityNormalized,0.33971965563691864
original_shape_Flatness,0.3402546112600725
wavelet-HHH_glcm_ClusterShade,0.3428727139723571
wavelet-LLL_ngtdm_Coarseness,0.34345684412058214
log-sigma-3-0-mm-3D_glcm_MCC,0.34369051076592894
log-sigma-3-0-mm-3D_glcm_Correlation,0.3436905107659475
log-sigma-1-0-mm-3D_glcm_SumEntropy,0.34511131967872993
wavelet-LHL_firstorder_MeanAbsoluteDeviation,0.34627326610652354
wavelet-LLL_glszm_LargeAreaHighGrayLevelEmphasis,0.34684280514658905
log-sigma-5-0-mm-3D_firstorder_Minimum,0.34711393565341103
log-sigma-4-0-mm-3D_ngtdm_Coarseness,0.3474002144055789
wavelet-LLL_glszm_GrayLevelVariance,0.3477554909471168
wavelet-LLL_glszm_GrayLevelNonUniformityNormalized,0.34775549094711744
log-sigma-5-0-mm-3D_firstorder_Variance,0.34792366276326736
log-sigma-5-0-mm-3D_glrlm_HighGrayLevelRunEmphasis,0.3479368321990105
log-sigma-5-0-mm-3D_glrlm_LowGrayLevelRunEmphasis,0.3479368321990111
log-sigma-1-0-mm-3D_glrlm_RunLengthNonUniformity,0.34878671668616135
log-sigma-1-0-mm-3D_glszm_SizeZoneNonUniformity,0.350323187279709
log-sigma-2-0-mm-3D_firstorder_Entropy,0.3509016694885564
original_glcm_Imc1,0.3509562998461461
log-sigma-2-0-mm-3D_glcm_ClusterTendency,0.3510647817018069
log-sigma-2-0-mm-3D_firstorder_Uniformity,0.35146945930248186
log-sigma-2-0-mm-3D_gldm_GrayLevelVariance,0.3514694593024821
original_glrlm_ShortRunLowGrayLevelEmphasis,0.35171383323989625
wavelet-HHL_glrlm_GrayLevelVariance,0.3517923208555259
wavelet-HHL_glrlm_GrayLevelNonUniformityNormalized,0.35179232086116685
log-sigma-5-0-mm-3D_glszm_LargeAreaLowGrayLevelEmphasis,0.35374068205800735
wavelet-LLL_glcm_Correlation,0.3539118260800633
wavelet-LHH_firstorder_Uniformity,0.3547403019939878
wavelet-LHH_gldm_GrayLevelVariance,0.35474030199688095
wavelet-LHH_firstorder_Entropy,0.3547429221232063
wavelet-LLL_glrlm_GrayLevelNonUniformity,0.35480473165271686
wavelet-LLL_glcm_MCC,0.3548100079004627
log-sigma-1-0-mm-3D_glszm_LargeAreaLowGrayLevelEmphasis,0.35517590100702995
wavelet-LLH_glrlm_LongRunLowGrayLevelEmphasis,0.3559007040779375
log-sigma-4-0-mm-3D_firstorder_MeanAbsoluteDeviation,0.3562675556123305
log-sigma-5-0-mm-3D_firstorder_MeanAbsoluteDeviation,0.3565251087866877
wavelet-LLH_glcm_SumSquares,0.35679812018604007
wavelet-HHH_glcm_Autocorrelation,0.3569731624291916
log-sigma-4-0-mm-3D_gldm_DependenceEntropy,0.35705717643891083
log-sigma-5-0-mm-3D_firstorder_InterquartileRange,0.3571405544295394
log-sigma-5-0-mm-3D_ngtdm_Strength,0.35729188318956584
wavelet-HLL_glszm_SizeZoneNonUniformity,0.3576923076923076
log-sigma-2-0-mm-3D_glcm_SumSquares,0.35780335081239345
wavelet-LLH_glrlm_RunEntropy,0.35941337208480656
log-sigma-3-0-mm-3D_glrlm_GrayLevelNonUniformityNormalized,0.3594222020132568
log-sigma-3-0-mm-3D_glrlm_GrayLevelVariance,0.35942220201325764
wavelet-LLH_glrlm_RunLengthNonUniformity,0.3598124695373954
log-sigma-5-0-mm-3D_firstorder_RobustMeanAbsoluteDeviation,0.35985064061192906
log-sigma-5-0-mm-3D_gldm_SmallDependenceLowGrayLevelEmphasis,0.36009822122479174
log-sigma-3-0-mm-3D_firstorder_Skewness,0.3609623298723001
log-sigma-1-0-mm-3D_glcm_MaximumProbability,0.3613686820752912
log-sigma-3-0-mm-3D_firstorder_InterquartileRange,0.36148339697077536
wavelet-LLH_firstorder_Energy,0.3623324587090887
wavelet-LLH_firstorder_TotalEnergy,0.3623324587090887
wavelet-LLH_firstorder_Uniformity,0.36247032403468765
wavelet-LLH_gldm_GrayLevelVariance,0.3624703240346922
wavelet-LLH_firstorder_Entropy,0.36299171884102804
log-sigma-3-0-mm-3D_glrlm_GrayLevelNonUniformity,0.36373605797065456
wavelet-HHH_firstorder_Entropy,0.3651175994278647
wavelet-HHH_firstorder_Uniformity,0.3651178472739587
wavelet-HHH_gldm_GrayLevelVariance,0.3651178472789939
original_glcm_MCC,0.3656020494628226
original_glcm_Correlation,0.36687200785640506
log-sigma-4-0-mm-3D_glszm_LargeAreaEmphasis,0.36750671979470284
original_glrlm_GrayLevelNonUniformity,0.36768254121082106
log-sigma-2-0-mm-3D_ngtdm_Strength,0.3683247665908863
log-sigma-2-0-mm-3D_glcm_Imc2,0.36860864170845664
wavelet-LHL_ngtdm_Strength,0.3686253651772575
wavelet-LHH_ngtdm_Coarseness,0.3686424901882345
wavelet-LHH_ngtdm_Strength,0.36865484635057333
wavelet-LHL_ngtdm_Coarseness,0.368669263415755
log-sigma-2-0-mm-3D_ngtdm_Coarseness,0.36967925852390315
log-sigma-3-0-mm-3D_glszm_ZoneVariance,0.3699517611086187
wavelet-LLH_gldm_HighGrayLevelEmphasis,0.3703163787148026
wavelet-LLH_gldm_LowGrayLevelEmphasis,0.37031637871480416
wavelet-HLL_ngtdm_Strength,0.3703379302436409
wavelet-HLL_ngtdm_Coarseness,0.37044956153117925
wavelet-HHL_glcm_Autocorrelation,0.37107209115822964
wavelet-LLH_glszm_SizeZoneNonUniformity,0.3735703265889025
wavelet-HHH_glrlm_GrayLevelVariance,0.37366700857336366
wavelet-HHH_glrlm_GrayLevelNonUniformityNormalized,0.3736670085768501
log-sigma-3-0-mm-3D_firstorder_Maximum,0.37367338211262535
log-sigma-3-0-mm-3D_ngtdm_Complexity,0.3737639258543647
log-sigma-2-0-mm-3D_glszm_LargeAreaLowGrayLevelEmphasis,0.3740423040408375
log-sigma-2-0-mm-3D_glszm_GrayLevelNonUniformity,0.37437067337948393
log-sigma-2-0-mm-3D_glszm_SmallAreaHighGrayLevelEmphasis,0.37481848377315274
wavelet-LHH_glszm_LargeAreaLowGrayLevelEmphasis,0.3748233736346575
wavelet-HLH_glszm_ZoneVariance,0.375018963971748
log-sigma-3-0-mm-3D_ngtdm_Strength,0.37537946899264474
log-sigma-5-0-mm-3D_firstorder_Kurtosis,0.37592706521957864
log-sigma-3-0-mm-3D_ngtdm_Coarseness,0.3761900515919937
wavelet-LHH_glszm_LargeAreaEmphasis,0.376679935283902
log-sigma-3-0-mm-3D_glszm_LargeAreaLowGrayLevelEmphasis,0.3768335038359112
original_ngtdm_Coarseness,0.3773620397414285
log-sigma-1-0-mm-3D_glszm_GrayLevelNonUniformity,0.3774018198000721
log-sigma-2-0-mm-3D_glcm_MaximumProbability,0.3776303458373974
log-sigma-1-0-mm-3D_glszm_LargeAreaEmphasis,0.3777933673996417
wavelet-LHH_glszm_LargeAreaHighGrayLevelEmphasis,0.37818878841593984
log-sigma-5-0-mm-3D_glszm_SmallAreaLowGrayLevelEmphasis,0.37827475438169555
log-sigma-3-0-mm-3D_glcm_DifferenceVariance,0.3788112503439305
wavelet-LLH_firstorder_Mean,0.37888045344337484
log-sigma-3-0-mm-3D_firstorder_RobustMeanAbsoluteDeviation,0.3791150307729255
log-sigma-3-0-mm-3D_glcm_Idn,0.3791503209665491
log-sigma-3-0-mm-3D_glcm_DifferenceAverage,0.37915032096655477
log-sigma-3-0-mm-3D_glcm_Contrast,0.37915032096655477
log-sigma-3-0-mm-3D_glcm_InverseVariance,0.37915032096655477
log-sigma-3-0-mm-3D_glcm_Idm,0.3791503209665557
log-sigma-3-0-mm-3D_glcm_Id,0.3791503209665557
log-sigma-3-0-mm-3D_glcm_Idmn,0.37915032096658075
log-sigma-4-0-mm-3D_ngtdm_Strength,0.3792621072887634
wavelet-HLH_ngtdm_Coarseness,0.3793878617560401
wavelet-HLH_ngtdm_Strength,0.3793938486185525
wavelet-HHL_glszm_SmallAreaEmphasis,0.37946450061804204
wavelet-LLH_glszm_GrayLevelNonUniformity,0.3795125164690383
wavelet-HHL_ngtdm_Coarseness,0.3796017596214208
wavelet-HHL_ngtdm_Strength,0.3796140158294622
original_gldm_DependenceVariance,0.37997172333968876
log-sigma-3-0-mm-3D_glszm_HighGrayLevelZoneEmphasis,0.3808022660818714
log-sigma-3-0-mm-3D_glszm_LowGrayLevelZoneEmphasis,0.3808022660818714
wavelet-HHH_ngtdm_Contrast,0.38147965059444133
wavelet-HHH_ngtdm_Strength,0.3817934665054043
wavelet-HHH_ngtdm_Coarseness,0.3818010003073262
wavelet-LHH_glszm_ZoneVariance,0.38185052532328545
wavelet-HHH_ngtdm_Complexity,0.3821849714529829
log-sigma-4-0-mm-3D_glszm_SmallAreaLowGrayLevelEmphasis,0.3824380054819161
original_gldm_SmallDependenceLowGrayLevelEmphasis,0.383225327797064
log-sigma-4-0-mm-3D_glszm_SizeZoneNonUniformity,0.383240891053391
log-sigma-4-0-mm-3D_firstorder_Kurtosis,0.38367931608183614
original_ngtdm_Strength,0.3844137206330093
log-sigma-4-0-mm-3D_glcm_Imc1,0.38479599841373624
log-sigma-4-0-mm-3D_glszm_SmallAreaEmphasis,0.38491850895697044
wavelet-LLH_ngtdm_Strength,0.386211358127434
wavelet-LLH_ngtdm_Coarseness,0.3862834338475929
wavelet-HLL_glszm_GrayLevelNonUniformity,0.3871062748015874
log-sigma-1-0-mm-3D_ngtdm_Coarseness,0.3881446574836501
log-sigma-1-0-mm-3D_ngtdm_Strength,0.3882969333415877
original_shape_LeastAxisLength,0.3899377895970858
log-sigma-2-0-mm-3D_glszm_LowGrayLevelZoneEmphasis,0.39056793279766233
log-sigma-2-0-mm-3D_glszm_HighGrayLevelZoneEmphasis,0.39056793279766244
log-sigma-3-0-mm-3D_glcm_Imc1,0.3906985205614859
log-sigma-2-0-mm-3D_glcm_JointEnergy,0.39084715577808604
log-sigma-4-0-mm-3D_glszm_LargeAreaHighGrayLevelEmphasis,0.39143856189077264
wavelet-HHH_glszm_LargeAreaLowGrayLevelEmphasis,0.3935002557746203
log-sigma-2-0-mm-3D_glcm_Idmn,0.39374617783923077
log-sigma-2-0-mm-3D_glcm_Id,0.3937461778392318
log-sigma-2-0-mm-3D_glcm_Idm,0.3937461778392318
log-sigma-2-0-mm-3D_glcm_Contrast,0.3937461778392403
log-sigma-2-0-mm-3D_glcm_DifferenceAverage,0.3937461778392403
log-sigma-2-0-mm-3D_glcm_InverseVariance,0.3937461778392403
log-sigma-2-0-mm-3D_glcm_Idn,0.3937461778392497
log-sigma-4-0-mm-3D_gldm_SmallDependenceLowGrayLevelEmphasis,0.3938532788652003
wavelet-LLH_glrlm_ShortRunEmphasis,0.39425495705641145
log-sigma-3-0-mm-3D_glcm_DifferenceEntropy,0.39426861055543255
log-sigma-4-0-mm-3D_firstorder_Minimum,0.39432468285969946
log-sigma-4-0-mm-3D_glszm_LargeAreaLowGrayLevelEmphasis,0.3949528337365249
wavelet-HHH_glszm_LargeAreaEmphasis,0.39517582105694476
log-sigma-2-0-mm-3D_glszm_LargeAreaHighGrayLevelEmphasis,0.39522330354427854
wavelet-HHH_glszm_LargeAreaHighGrayLevelEmphasis,0.39524789584344605
log-sigma-2-0-mm-3D_glcm_SumEntropy,0.39591283740801836
wavelet-HHL_glcm_ClusterShade,0.39601338632424615
wavelet-HHH_gldm_HighGrayLevelEmphasis,0.39663501275708923
wavelet-HHH_gldm_LowGrayLevelEmphasis,0.3966350127570954
log-sigma-2-0-mm-3D_gldm_LargeDependenceHighGrayLevelEmphasis,0.39745632390535607
log-sigma-3-0-mm-3D_firstorder_Kurtosis,0.3980012460934057
wavelet-LHL_firstorder_RootMeanSquared,0.398933399631503
wavelet-HHL_glszm_LargeAreaLowGrayLevelEmphasis,0.39893558105795923
log-sigma-2-0-mm-3D_glcm_DifferenceVariance,0.39914851402161894
log-sigma-2-0-mm-3D_firstorder_90Percentile,0.3995350315444173
log-sigma-1-0-mm-3D_firstorder_Mean,0.399687865808613
log-sigma-2-0-mm-3D_glszm_ZoneVariance,0.4007842822995844
log-sigma-5-0-mm-3D_glszm_ZoneEntropy,0.4017266244490029
original_glszm_LargeAreaHighGrayLevelEmphasis,0.4023800679284907
wavelet-LHL_glszm_LargeAreaLowGrayLevelEmphasis,0.4028200536333305
log-sigma-2-0-mm-3D_glcm_DifferenceEntropy,0.402954204474194
log-sigma-2-0-mm-3D_glcm_MCC,0.4038241669150752
log-sigma-2-0-mm-3D_glcm_Correlation,0.40382416691507644
log-sigma-3-0-mm-3D_glszm_LargeAreaEmphasis,0.4041505682957932
wavelet-HHL_glszm_LargeAreaHighGrayLevelEmphasis,0.40433505981319096
wavelet-HHL_firstorder_Median,0.4044937075349864
wavelet-HHL_glszm_LargeAreaEmphasis,0.4045949432109932
wavelet-HHL_glcm_JointAverage,0.40551353044638416
wavelet-HHL_glcm_SumAverage,0.40551353044639715
log-sigma-3-0-mm-3D_glszm_LargeAreaHighGrayLevelEmphasis,0.4061619240692457
wavelet-HLL_glszm_ZoneVariance,0.406280402466379
log-sigma-3-0-mm-3D_glszm_SmallAreaLowGrayLevelEmphasis,0.40737276752584883
log-sigma-1-0-mm-3D_glszm_LowGrayLevelZoneEmphasis,0.40790844880157473
log-sigma-1-0-mm-3D_glszm_HighGrayLevelZoneEmphasis,0.40790844880157484
log-sigma-1-0-mm-3D_glszm_ZoneVariance,0.40838695953979637
log-sigma-2-0-mm-3D_glszm_LargeAreaEmphasis,0.4085316617258977
log-sigma-4-0-mm-3D_glszm_HighGrayLevelZoneEmphasis,0.41002747252747257
log-sigma-4-0-mm-3D_glszm_LowGrayLevelZoneEmphasis,0.41002747252747274
wavelet-HLL_firstorder_Median,0.410615619600064
wavelet-LLH_glrlm_LongRunEmphasis,0.4117791905380097
log-sigma-2-0-mm-3D_glcm_JointEntropy,0.4135814676646007
wavelet-LHL_glszm_LargeAreaHighGrayLevelEmphasis,0.4138086862064557
wavelet-LHL_firstorder_Kurtosis,0.41440083202539213
wavelet-LLH_glrlm_ShortRunHighGrayLevelEmphasis,0.4150376460240996
wavelet-LLH_glrlm_RunVariance,0.41507648569151034
log-sigma-1-0-mm-3D_glszm_GrayLevelNonUniformityNormalized,0.4153084756250318
log-sigma-1-0-mm-3D_glszm_GrayLevelVariance,0.4153084756250319
log-sigma-2-0-mm-3D_glcm_Imc1,0.41566802112399515
wavelet-LHH_glszm_SizeZoneNonUniformity,0.41666666666666663
log-sigma-2-0-mm-3D_ngtdm_Contrast,0.41730193649064595
wavelet-LHL_glszm_ZoneVariance,0.4178405561458345
wavelet-HLL_firstorder_Kurtosis,0.41839791089273676
log-sigma-2-0-mm-3D_ngtdm_Complexity,0.4185148134097014
wavelet-LHL_glszm_LargeAreaEmphasis,0.4186176806694557
log-sigma-5-0-mm-3D_glszm_SmallAreaEmphasis,0.4191979063091703
wavelet-LHL_glrlm_RunLengthNonUniformity,0.41951743602213265
wavelet-HHH_glszm_ZonePercentage,0.41952711513118335
wavelet-HLL_glszm_LargeAreaLowGrayLevelEmphasis,0.41970798270622295
wavelet-HHL_gldm_LowGrayLevelEmphasis,0.42018961000174054
wavelet-HHL_gldm_HighGrayLevelEmphasis,0.4201896100017487
wavelet-LLL_glszm_ZoneEntropy,0.4206977834856638
log-sigma-1-0-mm-3D_glszm_LargeAreaHighGrayLevelEmphasis,0.4214196153383193
wavelet-LLH_glrlm_GrayLevelVariance,0.42147879854100656
wavelet-LLH_glrlm_GrayLevelNonUniformityNormalized,0.42147879854113224
wavelet-HLH_glszm_LargeAreaLowGrayLevelEmphasis,0.4223920780850088
wavelet-HLH_firstorder_Kurtosis,0.4224160201718077
log-sigma-4-0-mm-3D_glszm_ZoneVariance,0.42376472468094306
wavelet-HLH_glszm_LargeAreaHighGrayLevelEmphasis,0.4245736686484409
wavelet-HLL_glcm_Autocorrelation,0.4249246367444989
wavelet-HLH_glszm_LargeAreaEmphasis,0.42590866602389
log-sigma-2-0-mm-3D_glrlm_GrayLevelNonUniformity,0.42648167072201876
log-sigma-4-0-mm-3D_glrlm_LowGrayLevelRunEmphasis,0.42742412144117903
log-sigma-4-0-mm-3D_glrlm_HighGrayLevelRunEmphasis,0.4274241214411809
wavelet-HLL_glszm_LargeAreaHighGrayLevelEmphasis,0.4302100842209513
log-sigma-3-0-mm-3D_firstorder_Variance,0.4305410363811149
log-sigma-4-0-mm-3D_glszm_SmallAreaHighGrayLevelEmphasis,0.4308984920844895
wavelet-LLL_glszm_LargeAreaLowGrayLevelEmphasis,0.4323767697925247
log-sigma-3-0-mm-3D_glszm_GrayLevelNonUniformity,0.4326755495586665
wavelet-HLL_glszm_LargeAreaEmphasis,0.4333474144014083
wavelet-HHL_firstorder_Maximum,0.434757912343549
log-sigma-2-0-mm-3D_firstorder_Skewness,0.4352538370254469
log-sigma-3-0-mm-3D_glszm_SmallAreaEmphasis,0.4356589316661934
log-sigma-2-0-mm-3D_firstorder_Kurtosis,0.4360813530628973
wavelet-HLL_glcm_JointAverage,0.43609180820685745
wavelet-HLL_glcm_SumAverage,0.436091808206865
wavelet-HLL_glrlm_RunLengthNonUniformity,0.436478957328703
wavelet-LHL_firstorder_Median,0.4374733894175378
wavelet-HLH_glszm_SizeZoneNonUniformity,0.4375
wavelet-LLL_glcm_Imc1,0.43782837492017274
wavelet-HHL_firstorder_Minimum,0.4379726715106553
wavelet-LLL_glszm_SizeZoneNonUniformityNormalized,0.4382073166455843
log-sigma-3-0-mm-3D_glszm_SizeZoneNonUniformityNormalized,0.44062923160757683
wavelet-LLL_glrlm_ShortRunLowGrayLevelEmphasis,0.4423232916653113
log-sigma-3-0-mm-3D_glszm_ZoneEntropy,0.4431695131343115
wavelet-HHL_firstorder_Uniformity,0.4436056121380724
wavelet-HHL_gldm_GrayLevelVariance,0.44360561213902766
wavelet-HHL_firstorder_Entropy,0.4436077142672554
wavelet-HLH_glcm_Autocorrelation,0.44361770035062054
wavelet-HHL_glszm_GrayLevelNonUniformity,0.4444444444444445
wavelet-HLH_firstorder_Median,0.44476559415894357
log-sigma-5-0-mm-3D_glszm_SmallAreaHighGrayLevelEmphasis,0.44525164758150443
log-sigma-1-0-mm-3D_glrlm_ShortRunLowGrayLevelEmphasis,0.44539965014627997
log-sigma-3-0-mm-3D_firstorder_MeanAbsoluteDeviation,0.4456604507322422
wavelet-LHL_glszm_GrayLevelNonUniformity,0.4459665144596652
original_glrlm_ShortRunEmphasis,0.44644091464936997
log-sigma-3-0-mm-3D_glszm_SizeZoneNonUniformity,0.44799783549783545
original_firstorder_Variance,0.44883112653774804
log-sigma-2-0-mm-3D_glrlm_GrayLevelVariance,0.449560367062099
log-sigma-2-0-mm-3D_glrlm_GrayLevelNonUniformityNormalized,0.44956036706209945
wavelet-LLL_gldm_DependenceNonUniformity,0.4496383386756864
wavelet-LHH_glrlm_RunLengthNonUniformity,0.4526516336092199
wavelet-LLH_glrlm_LongRunHighGrayLevelEmphasis,0.4530226184030077
wavelet-LLL_firstorder_Skewness,0.4533286546119306
wavelet-LLH_glszm_ZoneVariance,0.45355365164770767
original_glszm_ZoneEntropy,0.4535780912896796
original_glszm_SmallAreaEmphasis,0.4548785023938923
wavelet-LHH_firstorder_Kurtosis,0.4559682496389621
wavelet-HLL_firstorder_TotalEnergy,0.4578940868853112
wavelet-HLL_firstorder_Energy,0.4578940868853112
wavelet-LLH_glszm_LargeAreaLowGrayLevelEmphasis,0.45879589835443196
wavelet-HLL_glcm_SumSquares,0.4588776169220786
log-sigma-1-0-mm-3D_glrlm_GrayLevelNonUniformity,0.4600888863206423
wavelet-LLH_ngtdm_Busyness,0.4606152242289858
original_firstorder_RobustMeanAbsoluteDeviation,0.46128878873188073
wavelet-LHL_glszm_SizeZoneNonUniformity,0.46153846153846145
wavelet-HLL_glcm_ClusterShade,0.4617640784277359
log-sigma-2-0-mm-3D_glcm_ClusterProminence,0.4619093608088838
wavelet-HLH_glrlm_RunLengthNonUniformity,0.46321568621201326
original_glrlm_ShortRunHighGrayLevelEmphasis,0.4634259333607225
wavelet-HHL_firstorder_Energy,0.46362696946523285
wavelet-HHL_firstorder_TotalEnergy,0.46362696946523285
wavelet-HLL_firstorder_Mean,0.4638483146447411
wavelet-LLL_glszm_ZoneVariance,0.46463915539852085
log-sigma-3-0-mm-3D_gldm_SmallDependenceLowGrayLevelEmphasis,0.4646447749833774
wavelet-LLL_glszm_LargeAreaEmphasis,0.46493546010350717
log-sigma-5-0-mm-3D_glszm_GrayLevelNonUniformity,0.4650000000000001
original_firstorder_InterquartileRange,0.46585183952167725
wavelet-LLH_glszm_LargeAreaEmphasis,0.4668830427083455
original_firstorder_TotalEnergy,0.46976778656663754
original_firstorder_Energy,0.46976778656663765
log-sigma-3-0-mm-3D_glcm_ClusterProminence,0.4703370298954852
wavelet-LHH_firstorder_Median,0.47127296901792215
log-sigma-3-0-mm-3D_gldm_DependenceEntropy,0.4730943781513477
log-sigma-1-0-mm-3D_firstorder_Kurtosis,0.4738863849310332
wavelet-LLH_glrlm_GrayLevelNonUniformity,0.4741640820042327
wavelet-HLL_gldm_HighGrayLevelEmphasis,0.4741720786273764
wavelet-HLL_gldm_LowGrayLevelEmphasis,0.4741720786273783
wavelet-LHL_firstorder_TotalEnergy,0.4749338191747777
wavelet-LHL_firstorder_Energy,0.47493381917477784
original_glszm_SizeZoneNonUniformityNormalized,0.4753547445057611
wavelet-HHL_glrlm_RunLengthNonUniformity,0.47537738018222697
wavelet-LLL_firstorder_Energy,0.47579349807724497
wavelet-LLL_firstorder_TotalEnergy,0.475793498077245
wavelet-LLH_glszm_LargeAreaHighGrayLevelEmphasis,0.4764989106154107
log-sigma-5-0-mm-3D_firstorder_TotalEnergy,0.47667574217299225
log-sigma-5-0-mm-3D_firstorder_Energy,0.47667574217299236
log-sigma-3-0-mm-3D_firstorder_Minimum,0.4787083013151909
wavelet-LLL_gldm_GrayLevelNonUniformity,0.4793296128856358
wavelet-HLH_glcm_SumAverage,0.48131536210638826
wavelet-HLH_glcm_JointAverage,0.48131536210639725
log-sigma-3-0-mm-3D_glszm_GrayLevelVariance,0.481549293861553
log-sigma-3-0-mm-3D_glszm_GrayLevelNonUniformityNormalized,0.4815492938615533
wavelet-HHH_glrlm_RunLengthNonUniformity,0.48226268207463163
wavelet-HLL_firstorder_Uniformity,0.4824056334689848
wavelet-HLL_gldm_GrayLevelVariance,0.48240563346900606
wavelet-HLL_firstorder_Entropy,0.48279798054938455
log-sigma-5-0-mm-3D_gldm_GrayLevelNonUniformity,0.48281233181999916
wavelet-LHL_glszm_GrayLevelNonUniformityNormalized,0.4839506172839509
wavelet-LLH_glszm_GrayLevelNonUniformityNormalized,0.4839506172839509
wavelet-LLH_glszm_GrayLevelVariance,0.48395061728395133
wavelet-LHL_glszm_GrayLevelVariance,0.48395061728395133
wavelet-LLL_glrlm_ShortRunEmphasis,0.4849432475045085
wavelet-LHL_glcm_ClusterShade,0.4851895969323371
wavelet-LHL_glcm_SumSquares,0.48529600137248613
wavelet-LHL_glrlm_GrayLevelNonUniformity,0.4860440477237237
original_glszm_LargeAreaLowGrayLevelEmphasis,0.48613069518394825
wavelet-HLL_ngtdm_Busyness,0.48623882423216586
wavelet-LHL_glcm_JointAverage,0.4876106994369642
wavelet-LHL_glcm_SumAverage,0.4876106994369752
wavelet-LHH_gldm_LargeDependenceHighGrayLevelEmphasis,0.4880540302293069
original_firstorder_Skewness,0.48853836416120056
wavelet-LHL_ngtdm_Busyness,0.48939783225266625
original_gldm_GrayLevelNonUniformity,0.4923780990299621
log-sigma-4-0-mm-3D_glszm_GrayLevelNonUniformityNormalized,0.4948932383180822
log-sigma-4-0-mm-3D_glszm_GrayLevelVariance,0.4948932383180822
wavelet-LLL_glszm_SmallAreaEmphasis,0.49501279231513934
log-sigma-2-0-mm-3D_glszm_GrayLevelVariance,0.496935327757703
log-sigma-2-0-mm-3D_glszm_GrayLevelNonUniformityNormalized,0.49693532775770316
wavelet-HLL_glrlm_GrayLevelNonUniformity,0.49737378341362093
log-sigma-2-0-mm-3D_firstorder_InterquartileRange,0.4982449348738332
wavelet-HLL_glszm_ZonePercentage,0.4994964199722696
wavelet-HHL_glszm_ZoneEntropy,0.5
log-sigma-3-0-mm-3D_glrlm_HighGrayLevelRunEmphasis,0.5002792963371028
log-sigma-3-0-mm-3D_glrlm_LowGrayLevelRunEmphasis,0.5002792963371031
wavelet-LHH_glrlm_GrayLevelNonUniformity,0.5005152183416486
wavelet-LLL_gldm_SmallDependenceLowGrayLevelEmphasis,0.500902689148434
wavelet-LHL_glrlm_GrayLevelVariance,0.5009446984616446
wavelet-LHL_glrlm_GrayLevelNonUniformityNormalized,0.5009446984624424
log-sigma-4-0-mm-3D_firstorder_TotalEnergy,0.5013635751010522
log-sigma-4-0-mm-3D_firstorder_Energy,0.5013635751010523
original_gldm_DependenceNonUniformity,0.5023098121323912
log-sigma-4-0-mm-3D_glszm_GrayLevelNonUniformity,0.5034539473684211
wavelet-HLH_glrlm_GrayLevelNonUniformity,0.50536759914425
log-sigma-2-0-mm-3D_gldm_GrayLevelNonUniformity,0.5059627244301832
wavelet-LHL_glcm_Autocorrelation,0.5065790907215366
wavelet-HHL_glszm_ZonePercentage,0.5070096068648198
wavelet-LHH_ngtdm_Busyness,0.5074863529616191
log-sigma-1-0-mm-3D_glrlm_GrayLevelNonUniformityNormalized,0.5084877985512756
log-sigma-1-0-mm-3D_glrlm_GrayLevelVariance,0.508487798551304
wavelet-LHL_gldm_LowGrayLevelEmphasis,0.5085952687600921
wavelet-LHL_gldm_HighGrayLevelEmphasis,0.5085952687600956
wavelet-HLH_glcm_ClusterShade,0.508912791022514
log-sigma-2-0-mm-3D_glszm_ZoneEntropy,0.5094094450948998
log-sigma-2-0-mm-3D_firstorder_RootMeanSquared,0.5103387196533519
log-sigma-1-0-mm-3D_gldm_LargeDependenceHighGrayLevelEmphasis,0.510738673076019
log-sigma-4-0-mm-3D_gldm_GrayLevelNonUniformity,0.511513999169709
log-sigma-2-0-mm-3D_glrlm_LongRunLowGrayLevelEmphasis,0.5120777781754952
wavelet-LLL_gldm_DependenceVariance,0.5139329229773968
log-sigma-1-0-mm-3D_gldm_SmallDependenceLowGrayLevelEmphasis,0.5143233574303271
wavelet-LHL_firstorder_Mean,0.5150747637874085
wavelet-HHH_glrlm_GrayLevelNonUniformity,0.5154235947641606
wavelet-LHL_firstorder_Maximum,0.5156768644107814
wavelet-HLL_glszm_SmallAreaHighGrayLevelEmphasis,0.5164663961060472
wavelet-HHL_glrlm_GrayLevelNonUniformity,0.5176266566982686
log-sigma-1-0-mm-3D_firstorder_TotalEnergy,0.5197333380746485
log-sigma-1-0-mm-3D_firstorder_Energy,0.5197333380746486
log-sigma-2-0-mm-3D_glszm_SmallAreaLowGrayLevelEmphasis,0.5202372521607712
log-sigma-5-0-mm-3D_firstorder_Range,0.5220633667382675
log-sigma-1-0-mm-3D_gldm_GrayLevelNonUniformity,0.5222850758657627
wavelet-LHH_gldm_LargeDependenceEmphasis,0.5229971650443649
log-sigma-2-0-mm-3D_firstorder_RobustMeanAbsoluteDeviation,0.52454279397614
original_glszm_ZoneVariance,0.5252965039439773
wavelet-HLL_gldm_DependenceNonUniformity,0.5275501124457158
wavelet-HHL_firstorder_Range,0.5279500418225251
original_firstorder_MeanAbsoluteDeviation,0.5285062769435622
original_glszm_LargeAreaEmphasis,0.5285263607972637
log-sigma-3-0-mm-3D_gldm_GrayLevelNonUniformity,0.5301388788437658
log-sigma-2-0-mm-3D_gldm_DependenceEntropy,0.531611675781565
wavelet-LHL_glszm_SmallAreaHighGrayLevelEmphasis,0.5324614489247057
wavelet-HLH_ngtdm_Busyness,0.5342943827656763
wavelet-LLL_firstorder_Variance,0.5345016350703542
log-sigma-2-0-mm-3D_glszm_SizeZoneNonUniformityNormalized,0.5345327892235203
wavelet-HLH_gldm_LowGrayLevelEmphasis,0.535101187152971
wavelet-HLH_gldm_HighGrayLevelEmphasis,0.5351011871529774
log-sigma-5-0-mm-3D_gldm_SmallDependenceEmphasis,0.536866055240784
wavelet-HHL_ngtdm_Busyness,0.5370233712332958
wavelet-LLH_gldm_SmallDependenceLowGrayLevelEmphasis,0.5370703802056229
wavelet-LHH_glcm_JointAverage,0.5373389778687675
wavelet-LHH_glcm_SumAverage,0.5373389778687675
wavelet-LLH_gldm_GrayLevelNonUniformity,0.5377581526040816
wavelet-LHL_gldm_DependenceNonUniformity,0.5383134092396802
wavelet-HHH_ngtdm_Busyness,0.5406436535134431
wavelet-HLH_glszm_SizeZoneNonUniformityNormalized,0.5418098636654772
log-sigma-1-0-mm-3D_gldm_DependenceVariance,0.5440897009483652
log-sigma-3-0-mm-3D_firstorder_Energy,0.5442185672770626
log-sigma-3-0-mm-3D_firstorder_TotalEnergy,0.5442185672770627
log-sigma-2-0-mm-3D_firstorder_Energy,0.5473305416972504
log-sigma-2-0-mm-3D_firstorder_TotalEnergy,0.5473305416972505
wavelet-LHH_glcm_ClusterShade,0.5485086800121934
wavelet-HLL_glrlm_GrayLevelNonUniformityNormalized,0.548987865700156
wavelet-HLL_glrlm_GrayLevelVariance,0.548987865700707
wavelet-LHH_gldm_LowGrayLevelEmphasis,0.5490812309951538
wavelet-LHH_gldm_HighGrayLevelEmphasis,0.5490812309951538
wavelet-HLH_gldm_GrayLevelNonUniformity,0.5491205786661535
wavelet-HHL_gldm_GrayLevelNonUniformity,0.549323838950948
wavelet-LHH_gldm_GrayLevelNonUniformity,0.5493929475044383
original_shape_VoxelVolume,0.5494354821432398
wavelet-HHH_gldm_GrayLevelNonUniformity,0.549440527331766
wavelet-HLL_firstorder_Maximum,0.5497074419300065
original_shape_MeshVolume,0.550055897174225
log-sigma-1-0-mm-3D_glszm_SmallAreaHighGrayLevelEmphasis,0.5505764407621335
wavelet-HLL_gldm_GrayLevelNonUniformity,0.5508629222937272
wavelet-LHL_gldm_GrayLevelNonUniformity,0.5509348411939883
log-sigma-5-0-mm-3D_glrlm_LongRunHighGrayLevelEmphasis,0.5516716297214102
log-sigma-5-0-mm-3D_glszm_GrayLevelVariance,0.5526420454545453
log-sigma-5-0-mm-3D_glszm_GrayLevelNonUniformityNormalized,0.5526420454545456
wavelet-LHL_firstorder_Entropy,0.5527808817490287
wavelet-LHL_gldm_GrayLevelVariance,0.5528148245018467
wavelet-LHL_firstorder_Uniformity,0.5528148245020361
wavelet-LHH_glrlm_ShortRunHighGrayLevelEmphasis,0.5533298222734602
wavelet-LHL_glszm_SmallAreaLowGrayLevelEmphasis,0.5536745176805447
log-sigma-3-0-mm-3D_glrlm_LongRunLowGrayLevelEmphasis,0.5537280899318471
log-sigma-1-0-mm-3D_firstorder_Variance,0.5540795684428101
wavelet-LHH_gldm_LargeDependenceLowGrayLevelEmphasis,0.5550471703771789
original_glszm_ZonePercentage,0.5553669899765437
wavelet-LHH_glszm_SmallAreaLowGrayLevelEmphasis,0.555941903279058
log-sigma-5-0-mm-3D_glszm_ZonePercentage,0.5565476996144452
log-sigma-3-0-mm-3D_glszm_ZonePercentage,0.5567444445129286
log-sigma-4-0-mm-3D_firstorder_Range,0.5570024961388016
log-sigma-2-0-mm-3D_glrlm_ShortRunLowGrayLevelEmphasis,0.5572874905878069
wavelet-LHH_gldm_DependenceNonUniformity,0.5575838999715248
wavelet-LHH_glszm_GrayLevelNonUniformity,0.5576923076923077
wavelet-HLH_glszm_GrayLevelNonUniformity,0.5600000000000002
log-sigma-4-0-mm-3D_glszm_SizeZoneNonUniformityNormalized,0.5600545454545454
log-sigma-1-0-mm-3D_firstorder_InterquartileRange,0.56319263592031
wavelet-LLL_gldm_SmallDependenceEmphasis,0.5637409077547608
wavelet-HLH_glszm_ZonePercentage,0.5637450817106955
wavelet-LHH_glrlm_ShortRunEmphasis,0.5639801318552982
log-sigma-2-0-mm-3D_gldm_DependenceNonUniformity,0.5647435748894248
log-sigma-4-0-mm-3D_glrlm_ShortRunLowGrayLevelEmphasis,0.5657307151926505
log-sigma-1-0-mm-3D_gldm_DependenceNonUniformity,0.5663639741802996
original_firstorder_Minimum,0.5664758560854388
log-sigma-1-0-mm-3D_glszm_ZoneEntropy,0.5664901410688424
wavelet-HLH_gldm_DependenceNonUniformity,0.5678225113269049
log-sigma-2-0-mm-3D_firstorder_Maximum,0.5685831593310934
wavelet-LLH_glszm_ZoneEntropy,0.5688168974523329
wavelet-LHL_firstorder_Minimum,0.5689697878153775
log-sigma-1-0-mm-3D_glrlm_LongRunLowGrayLevelEmphasis,0.5691198560406112
wavelet-HLL_glszm_SmallAreaEmphasis,0.5707856978596213
wavelet-LLH_glszm_HighGrayLevelZoneEmphasis,0.5714285714285714
wavelet-LHH_glszm_HighGrayLevelZoneEmphasis,0.5714285714285714
wavelet-LLH_glszm_LowGrayLevelZoneEmphasis,0.5714285714285714
wavelet-LHH_glszm_LowGrayLevelZoneEmphasis,0.5714285714285714
log-sigma-3-0-mm-3D_gldm_DependenceNonUniformity,0.5715568389601615
wavelet-LHH_glrlm_RunLengthNonUniformityNormalized,0.5722457069694191
wavelet-HLL_glszm_SmallAreaLowGrayLevelEmphasis,0.5733232626594666
original_glrlm_RunEntropy,0.5753091334958742
wavelet-HHL_glszm_SizeZoneNonUniformityNormalized,0.5766666666666665
wavelet-LLL_firstorder_RobustMeanAbsoluteDeviation,0.5766680023749985
wavelet-LLH_gldm_SmallDependenceHighGrayLevelEmphasis,0.576975694056665
log-sigma-4-0-mm-3D_gldm_SmallDependenceEmphasis,0.5772576961218236
wavelet-LLH_gldm_DependenceNonUniformity,0.5774357268240957
wavelet-LLH_gldm_SmallDependenceEmphasis,0.5774579161591923
wavelet-LHH_glrlm_ShortRunLowGrayLevelEmphasis,0.5779233821425048
wavelet-LLL_firstorder_InterquartileRange,0.5780113077481837
log-sigma-1-0-mm-3D_glszm_SmallAreaLowGrayLevelEmphasis,0.5792187409720397
log-sigma-2-0-mm-3D_glszm_SmallAreaEmphasis,0.5815540779112183
wavelet-HHL_gldm_DependenceNonUniformity,0.583841391075875
log-sigma-2-0-mm-3D_glrlm_LongRunHighGrayLevelEmphasis,0.5859939087559185
log-sigma-4-0-mm-3D_gldm_DependenceVariance,0.5862915195892119
wavelet-HLH_glszm_SmallAreaLowGrayLevelEmphasis,0.5876017593980066
wavelet-LHL_glszm_SmallAreaEmphasis,0.5894076976167759
wavelet-HHH_gldm_DependenceNonUniformity,0.589548590246964
log-sigma-1-0-mm-3D_firstorder_RobustMeanAbsoluteDeviation,0.5897646721823915
wavelet-LHL_glszm_ZonePercentage,0.5907435901127331
wavelet-LLL_firstorder_Kurtosis,0.59171019154035
wavelet-LHL_gldm_LargeDependenceLowGrayLevelEmphasis,0.5920788091419242
wavelet-LHH_glrlm_LongRunHighGrayLevelEmphasis,0.5941698843354624
wavelet-LLL_glszm_ZonePercentage,0.5942838275195681
wavelet-HLL_glszm_ZoneEntropy,0.5959958228367165
log-sigma-4-0-mm-3D_glszm_ZonePercentage,0.596919573270313
wavelet-LLH_firstorder_Skewness,0.5986294858957603
log-sigma-1-0-mm-3D_firstorder_90Percentile,0.5990178819335036
log-sigma-3-0-mm-3D_glrlm_LongRunHighGrayLevelEmphasis,0.5997106417659159
wavelet-LHH_glrlm_RunEntropy,0.600569795815893
wavelet-HHH_firstorder_Mean,0.6025098954835764
wavelet-LLH_glszm_SmallAreaEmphasis,0.6025548538935479
wavelet-LHL_glrlm_ShortRunLowGrayLevelEmphasis,0.6034173915132129
wavelet-HLH_glszm_SmallAreaHighGrayLevelEmphasis,0.6050924724242901
log-sigma-5-0-mm-3D_gldm_DependenceNonUniformity,0.6062435501414336
wavelet-LHH_glszm_SmallAreaHighGrayLevelEmphasis,0.6075324122974166
log-sigma-2-0-mm-3D_firstorder_Variance,0.6081502489298527
log-sigma-5-0-mm-3D_glrlm_ShortRunLowGrayLevelEmphasis,0.6095845180989673
wavelet-LLL_firstorder_MeanAbsoluteDeviation,0.6096291463561716
wavelet-LLH_glszm_SmallAreaHighGrayLevelEmphasis,0.6105827471850706
wavelet-LHH_glrlm_RunPercentage,0.6106599372334617
wavelet-LHL_firstorder_Skewness,0.6126154825804373
log-sigma-2-0-mm-3D_firstorder_MeanAbsoluteDeviation,0.613249691088894
wavelet-LLH_glszm_SmallAreaLowGrayLevelEmphasis,0.6145980732472814
original_firstorder_Maximum,0.6152362421934411
wavelet-LHL_glszm_ZoneEntropy,0.6153771895842277
original_gldm_SmallDependenceEmphasis,0.6160522538525658
wavelet-HHL_firstorder_Mean,0.6168175533149429
wavelet-LHL_firstorder_Range,0.6194411775777113
log-sigma-4-0-mm-3D_glrlm_LongRunHighGrayLevelEmphasis,0.6196643098275123
wavelet-HLL_firstorder_Minimum,0.6219848896489326
original_firstorder_Kurtosis,0.62408792602808
log-sigma-5-0-mm-3D_gldm_DependenceVariance,0.6244230294435054
log-sigma-2-0-mm-3D_gldm_DependenceNonUniformityNormalized,0.626633610587569
wavelet-LLH_glszm_SizeZoneNonUniformityNormalized,0.6306995258564728
log-sigma-2-0-mm-3D_glrlm_LowGrayLevelRunEmphasis,0.6310114393975026
log-sigma-2-0-mm-3D_glrlm_HighGrayLevelRunEmphasis,0.6310114393975031
wavelet-HLH_glrlm_HighGrayLevelRunEmphasis,0.6325472154439433
wavelet-HLH_glrlm_LowGrayLevelRunEmphasis,0.6325472154439433
wavelet-LHH_glrlm_LongRunEmphasis,0.6325824873892301
original_gldm_SmallDependenceHighGrayLevelEmphasis,0.6330645652130807
wavelet-LLL_firstorder_Minimum,0.634338344985158
log-sigma-4-0-mm-3D_glszm_ZoneEntropy,0.6351675889853856
log-sigma-3-0-mm-3D_gldm_DependenceVariance,0.6363078282710339
wavelet-LHH_glszm_SizeZoneNonUniformityNormalized,0.6386111111111109
log-sigma-5-0-mm-3D_glrlm_LongRunLowGrayLevelEmphasis,0.6394181813739697
log-sigma-4-0-mm-3D_gldm_DependenceNonUniformity,0.6413481387003501
log-sigma-1-0-mm-3D_gldm_SmallDependenceEmphasis,0.6418233026962266
wavelet-HLH_firstorder_Mean,0.6427467484997165
wavelet-LLH_glszm_ZonePercentage,0.6435537662103703
log-sigma-3-0-mm-3D_glrlm_ShortRunLowGrayLevelEmphasis,0.6444184176442083
wavelet-HLH_glszm_SmallAreaEmphasis,0.6462616544341853
log-sigma-1-0-mm-3D_glrlm_RunLengthNonUniformityNormalized,0.6464204583228702
log-sigma-3-0-mm-3D_gldm_SmallDependenceEmphasis,0.6475730821932564
log-sigma-1-0-mm-3D_glrlm_ShortRunEmphasis,0.6477647437231462
wavelet-LHH_glszm_SmallAreaEmphasis,0.6489363448855179
wavelet-LHH_firstorder_Mean,0.6490979639151123
log-sigma-2-0-mm-3D_glszm_ZonePercentage,0.6493265187078379
wavelet-HLL_glszm_SizeZoneNonUniformityNormalized,0.6520833333333332
log-sigma-1-0-mm-3D_firstorder_Minimum,0.6522174151588647
log-sigma-3-0-mm-3D_firstorder_Range,0.6525083850246882
wavelet-LHL_glrlm_LongRunLowGrayLevelEmphasis,0.652559871284653
log-sigma-2-0-mm-3D_gldm_SmallDependenceLowGrayLevelEmphasis,0.6562412486728579
log-sigma-2-0-mm-3D_gldm_DependenceVariance,0.6566125419770286
wavelet-LHH_glszm_ZonePercentage,0.6568440085989711
log-sigma-4-0-mm-3D_glrlm_LongRunLowGrayLevelEmphasis,0.6570086933431563
wavelet-HHH_glrlm_HighGrayLevelRunEmphasis,0.6595633151801243
wavelet-HHH_glrlm_LowGrayLevelRunEmphasis,0.6595633151801433
log-sigma-1-0-mm-3D_glszm_ZonePercentage,0.6615065180162971
wavelet-LHH_glrlm_LongRunLowGrayLevelEmphasis,0.662150928740436
log-sigma-1-0-mm-3D_gldm_SmallDependenceHighGrayLevelEmphasis,0.6635802773973433
log-sigma-2-0-mm-3D_glrlm_RunVariance,0.6663168388546263
log-sigma-2-0-mm-3D_firstorder_Minimum,0.6665909782775992
wavelet-LHL_glszm_SizeZoneNonUniformityNormalized,0.6666666666666665
log-sigma-3-0-mm-3D_gldm_DependenceNonUniformityNormalized,0.6704793807991871
wavelet-HLH_glszm_LowGrayLevelZoneEmphasis,0.6731391585760517
wavelet-HLH_glszm_HighGrayLevelZoneEmphasis,0.6731391585760517
log-sigma-1-0-mm-3D_gldm_DependenceNonUniformityNormalized,0.6733055737270824
wavelet-LHL_glszm_LowGrayLevelZoneEmphasis,0.6743777056277057
wavelet-LHL_glszm_HighGrayLevelZoneEmphasis,0.6743777056277058
wavelet-LHH_glrlm_LowGrayLevelRunEmphasis,0.6761560936897629
wavelet-LHH_glrlm_HighGrayLevelRunEmphasis,0.6761560936897629
wavelet-LLL_glrlm_RunEntropy,0.6791488668036684
wavelet-HHL_firstorder_Skewness,0.6793959038538471
wavelet-LLL_gldm_SmallDependenceHighGrayLevelEmphasis,0.6799879778411344
wavelet-LLL_glrlm_ShortRunHighGrayLevelEmphasis,0.6806206987529118
log-sigma-1-0-mm-3D_glszm_SizeZoneNonUniformityNormalized,0.6817048861006164
wavelet-LLL_firstorder_Maximum,0.6822556830929856
log-sigma-5-0-mm-3D_glrlm_ShortRunEmphasis,0.6834757746393785
log-sigma-4-0-mm-3D_glrlm_ShortRunEmphasis,0.6843056926297402
log-sigma-3-0-mm-3D_gldm_LargeDependenceEmphasis,0.6850271524888867
wavelet-LLH_glrlm_LowGrayLevelRunEmphasis,0.6850279748164567
wavelet-LLH_glrlm_HighGrayLevelRunEmphasis,0.6850279748164567
log-sigma-3-0-mm-3D_glrlm_RunPercentage,0.6873835508170683
log-sigma-1-0-mm-3D_glrlm_HighGrayLevelRunEmphasis,0.689516629829205
log-sigma-1-0-mm-3D_glrlm_LowGrayLevelRunEmphasis,0.6895166298292097
original_shape_Sphericity,0.6900296436580163
log-sigma-4-0-mm-3D_gldm_LargeDependenceEmphasis,0.6905234463883305
wavelet-HLL_glszm_GrayLevelVariance,0.6930742079889812
wavelet-HLL_glszm_GrayLevelNonUniformityNormalized,0.6930742079889813
log-sigma-4-0-mm-3D_glrlm_RunPercentage,0.6933922734375906
wavelet-LHL_glrlm_ShortRunEmphasis,0.6946045831399073
log-sigma-5-0-mm-3D_glrlm_RunPercentage,0.6958810207596822
wavelet-HLL_glszm_HighGrayLevelZoneEmphasis,0.6984126984126984
wavelet-HLL_glszm_LowGrayLevelZoneEmphasis,0.6984126984126985
wavelet-HLH_firstorder_Skewness,0.7052095330781951
log-sigma-1-0-mm-3D_firstorder_MeanAbsoluteDeviation,0.7058305456951756
log-sigma-5-0-mm-3D_gldm_LargeDependenceEmphasis,0.7074760758900374
log-sigma-5-0-mm-3D_glrlm_RunEntropy,0.708180551531165
wavelet-HLL_firstorder_Range,0.7100570071956616
wavelet-LHH_glrlm_RunVariance,0.7101344503083684
log-sigma-1-0-mm-3D_gldm_DependenceEntropy,0.7103392964553404
log-sigma-1-0-mm-3D_firstorder_Skewness,0.7111702883661228
wavelet-HHH_firstorder_Skewness,0.7167644735645259
log-sigma-3-0-mm-3D_glrlm_RunVariance,0.7240128600203897
log-sigma-1-0-mm-3D_firstorder_RootMeanSquared,0.7244883059169552
log-sigma-1-0-mm-3D_gldm_LargeDependenceEmphasis,0.7245027051899995
log-sigma-2-0-mm-3D_gldm_LargeDependenceEmphasis,0.7245163475322981
wavelet-LHL_glrlm_LowGrayLevelRunEmphasis,0.7263648588039532
wavelet-LHL_glrlm_HighGrayLevelRunEmphasis,0.7263648588039532
wavelet-LHH_firstorder_Skewness,0.7286574808254423
log-sigma-1-0-mm-3D_glrlm_RunPercentage,0.729459742103723
log-sigma-1-0-mm-3D_glszm_SmallAreaEmphasis,0.7295497450972916
log-sigma-4-0-mm-3D_gldm_DependenceNonUniformityNormalized,0.735274769104367
wavelet-HLL_firstorder_Skewness,0.7362797647247274
wavelet-HHL_glrlm_HighGrayLevelRunEmphasis,0.7391334134526822
wavelet-HHL_glrlm_LowGrayLevelRunEmphasis,0.7391334134526824
log-sigma-1-0-mm-3D_glrlm_LongRunHighGrayLevelEmphasis,0.7402204858073277
log-sigma-2-0-mm-3D_gldm_SmallDependenceEmphasis,0.7460539328808004
log-sigma-4-0-mm-3D_glrlm_RunVariance,0.7535069910207065
log-sigma-5-0-mm-3D_gldm_DependenceNonUniformityNormalized,0.7559101180834177
log-sigma-2-0-mm-3D_glrlm_RunPercentage,0.7598513766472098
wavelet-LHL_glrlm_LongRunEmphasis,0.7623179629317471
log-sigma-4-0-mm-3D_glrlm_RunEntropy,0.7648299459271954
log-sigma-1-0-mm-3D_firstorder_Maximum,0.7667659186814183
log-sigma-5-0-mm-3D_glrlm_RunVariance,0.7697905596381835
log-sigma-4-0-mm-3D_glrlm_RunLengthNonUniformityNormalized,0.7706551372926453
log-sigma-2-0-mm-3D_glrlm_LongRunEmphasis,0.7713574792047904
log-sigma-3-0-mm-3D_glrlm_RunLengthNonUniformityNormalized,0.7730894289919138
wavelet-LHL_glrlm_ShortRunHighGrayLevelEmphasis,0.7761024663166769
wavelet-HLL_glrlm_HighGrayLevelRunEmphasis,0.778729758075803
wavelet-HLL_glrlm_LowGrayLevelRunEmphasis,0.778729758075803
log-sigma-3-0-mm-3D_glrlm_ShortRunEmphasis,0.779999786487986
wavelet-LHH_glszm_ZoneEntropy,0.7804166303912958
log-sigma-3-0-mm-3D_glrlm_LongRunEmphasis,0.7816653803527792
wavelet-HHL_glrlm_LongRunHighGrayLevelEmphasis,0.7846192260433411
wavelet-HLL_gldm_LargeDependenceLowGrayLevelEmphasis,0.7856893115481405
log-sigma-3-0-mm-3D_glrlm_RunEntropy,0.7897321814469732
wavelet-HHL_glrlm_LongRunEmphasis,0.7906799875052306
wavelet-LHL_glrlm_RunLengthNonUniformityNormalized,0.7964267500623046
wavelet-HHL_gldm_DependenceNonUniformityNormalized,0.7976533503717448
log-sigma-5-0-mm-3D_glrlm_LongRunEmphasis,0.7990418716091341
wavelet-HHL_glrlm_LongRunLowGrayLevelEmphasis,0.8007808694346734
wavelet-HHH_glrlm_RunLengthNonUniformityNormalized,0.8057145098874081
log-sigma-1-0-mm-3D_firstorder_Range,0.8092602143527913
log-sigma-1-0-mm-3D_glrlm_RunEntropy,0.8093332081390091
wavelet-LHL_glrlm_RunVariance,0.8176678458703144
log-sigma-4-0-mm-3D_glrlm_LongRunEmphasis,0.8181834537456754
log-sigma-2-0-mm-3D_glrlm_RunLengthNonUniformityNormalized,0.8196936425924348
log-sigma-1-0-mm-3D_glrlm_ShortRunHighGrayLevelEmphasis,0.8197394835360812
log-sigma-5-0-mm-3D_glrlm_RunLengthNonUniformityNormalized,0.8208430446962353
wavelet-LHL_gldm_LargeDependenceEmphasis,0.8208649048851722
log-sigma-5-0-mm-3D_gldm_SmallDependenceHighGrayLevelEmphasis,0.8227845704725514
log-sigma-2-0-mm-3D_glrlm_RunEntropy,0.8246243534246035
wavelet-HHL_glszm_HighGrayLevelZoneEmphasis,0.8333333333333338
wavelet-HHL_glszm_LowGrayLevelZoneEmphasis,0.8333333333333338
wavelet-HHL_gldm_DependenceEntropy,0.8404618229064021
log-sigma-2-0-mm-3D_glrlm_ShortRunHighGrayLevelEmphasis,0.8424171104399509
wavelet-LHL_glrlm_RunPercentage,0.8440735577408067
log-sigma-3-0-mm-3D_gldm_SmallDependenceHighGrayLevelEmphasis,0.8443045174083295
wavelet-HLL_glrlm_LongRunLowGrayLevelEmphasis,0.8458725180236656
log-sigma-2-0-mm-3D_gldm_SmallDependenceHighGrayLevelEmphasis,0.8503531385529337
log-sigma-2-0-mm-3D_glrlm_ShortRunEmphasis,0.8514788087415279
wavelet-LHL_gldm_SmallDependenceLowGrayLevelEmphasis,0.8522566517259675
wavelet-HHH_gldm_DependenceNonUniformityNormalized,0.8537887062737518
log-sigma-2-0-mm-3D_firstorder_Range,0.854385602171337
log-sigma-1-0-mm-3D_glrlm_RunVariance,0.8575099464731425
wavelet-LHL_glrlm_LongRunHighGrayLevelEmphasis,0.8615625261157157
original_firstorder_Range,0.8682382568181167
wavelet-HHL_gldm_DependenceVariance,0.8707281563654752
log-sigma-3-0-mm-3D_glrlm_ShortRunHighGrayLevelEmphasis,0.8723164575995187
wavelet-LHL_glrlm_RunEntropy,0.8728807123663491
log-sigma-4-0-mm-3D_gldm_SmallDependenceHighGrayLevelEmphasis,0.8804244957200724
wavelet-HLL_gldm_LargeDependenceHighGrayLevelEmphasis,0.8820025689740253
wavelet-LHL_gldm_SmallDependenceEmphasis,0.8929236376613614
log-sigma-1-0-mm-3D_glrlm_LongRunEmphasis,0.8968811953988945
wavelet-HHH_glrlm_ShortRunHighGrayLevelEmphasis,0.9001801521707772
wavelet-HHH_gldm_DependenceEntropy,0.900558082996554
wavelet-LHL_gldm_LargeDependenceHighGrayLevelEmphasis,0.903424768924215
wavelet-HHH_glrlm_ShortRunLowGrayLevelEmphasis,0.9156125743065208
wavelet-HHL_glszm_GrayLevelVariance,0.9164576657109118
wavelet-HHL_glszm_GrayLevelNonUniformityNormalized,0.9164576657109123
wavelet-HHH_glrlm_ShortRunEmphasis,0.9221359306167807
wavelet-LHL_gldm_SmallDependenceHighGrayLevelEmphasis,0.9273197663448354
wavelet-HLH_glszm_ZoneEntropy,0.9274780689030158
wavelet-LHH_gldm_SmallDependenceHighGrayLevelEmphasis,0.9341395165491754
wavelet-HLL_glrlm_RunLengthNonUniformityNormalized,0.9351967764689713
wavelet-HHL_glrlm_ShortRunHighGrayLevelEmphasis,0.9380636383224359
wavelet-HHL_glrlm_RunVariance,0.9438127194425321
wavelet-HHH_glrlm_RunEntropy,0.9532570496639475
wavelet-LHH_gldm_SmallDependenceLowGrayLevelEmphasis,0.9534652157690475
wavelet-LHH_gldm_SmallDependenceEmphasis,0.9561887047948356
wavelet-HLL_gldm_LargeDependenceEmphasis,0.9694360218498207
wavelet-HLH_gldm_LargeDependenceHighGrayLevelEmphasis,0.9926077778901057
wavelet-HHL_glrlm_ShortRunEmphasis,0.9952180770477199
wavelet-HHH_gldm_DependenceVariance,0.9995109922401167
wavelet-HLH_glrlm_ShortRunHighGrayLevelEmphasis,0.9996165260137353
wavelet-HLH_glszm_GrayLevelNonUniformityNormalized,1.0
wavelet-HLH_glszm_GrayLevelVariance,1.0
wavelet-LHH_glszm_GrayLevelVariance,1.0
wavelet-LHH_glszm_GrayLevelNonUniformityNormalized,1.0
wavelet-LLL_firstorder_Range,1.003674143813531
wavelet-HLL_glrlm_RunPercentage,1.004026466571408
log-sigma-4-0-mm-3D_glrlm_ShortRunHighGrayLevelEmphasis,1.0176734940884196
wavelet-HHL_glrlm_ShortRunLowGrayLevelEmphasis,1.0210786241576462
wavelet-HLL_glrlm_RunVariance,1.0375307548907728
original_shape_SurfaceVolumeRatio,1.037681648228681
wavelet-HLH_glrlm_RunLengthNonUniformityNormalized,1.037881324023224
wavelet-HHH_glrlm_RunVariance,1.03875327945615
wavelet-HHL_gldm_SmallDependenceHighGrayLevelEmphasis,1.0436762561212825
wavelet-HHH_gldm_SmallDependenceLowGrayLevelEmphasis,1.0459994768890097
wavelet-HLL_glrlm_ShortRunLowGrayLevelEmphasis,1.0571540676330011
wavelet-HLL_glrlm_LongRunHighGrayLevelEmphasis,1.057419458361504
wavelet-HHL_gldm_SmallDependenceEmphasis,1.0602019799994535
wavelet-HHH_gldm_SmallDependenceEmphasis,1.0608484110379806
wavelet-HHL_gldm_SmallDependenceLowGrayLevelEmphasis,1.0654219746745737
wavelet-HLH_glrlm_ShortRunLowGrayLevelEmphasis,1.0659650789559727
wavelet-HHH_gldm_LargeDependenceLowGrayLevelEmphasis,1.0687069294433194
wavelet-HLH_glrlm_LongRunHighGrayLevelEmphasis,1.0687192354498523
wavelet-HLH_gldm_LargeDependenceEmphasis,1.071650610845339
wavelet-HLH_glrlm_ShortRunEmphasis,1.0764864759643742
wavelet-HHH_gldm_LargeDependenceHighGrayLevelEmphasis,1.0790250287817695
wavelet-HLL_glrlm_LongRunEmphasis,1.0834710155456233
wavelet-HLH_gldm_LargeDependenceLowGrayLevelEmphasis,1.0856125197304607
wavelet-HLH_glrlm_RunEntropy,1.0866430946330043
log-sigma-5-0-mm-3D_glrlm_ShortRunHighGrayLevelEmphasis,1.091942382658773
wavelet-HHH_gldm_LargeDependenceEmphasis,1.1003197411475536
wavelet-HHH_glrlm_LongRunLowGrayLevelEmphasis,1.1074937344474982
wavelet-HHH_gldm_SmallDependenceHighGrayLevelEmphasis,1.1075247069158747
wavelet-HHH_glrlm_RunPercentage,1.1164590324538846
wavelet-HHL_gldm_LargeDependenceHighGrayLevelEmphasis,1.119835420071305
wavelet-HLH_glrlm_LongRunLowGrayLevelEmphasis,1.1276685179771126
wavelet-HLH_glrlm_RunPercentage,1.1312781121461901
wavelet-HLH_glrlm_LongRunEmphasis,1.1342955961572037
wavelet-HLL_gldm_SmallDependenceHighGrayLevelEmphasis,1.1398015456424027
wavelet-HLL_glrlm_RunEntropy,1.1413632827883269
wavelet-HHL_glrlm_RunLengthNonUniformityNormalized,1.1420399098494174
wavelet-HHH_glrlm_LongRunHighGrayLevelEmphasis,1.1433966643722844
wavelet-HHL_glrlm_RunEntropy,1.1438405768306152
wavelet-HLL_glrlm_ShortRunHighGrayLevelEmphasis,1.1447501399904727
wavelet-HHL_gldm_LargeDependenceLowGrayLevelEmphasis,1.1463906065425296
wavelet-HHH_glrlm_LongRunEmphasis,1.1473838364585913
wavelet-HLH_gldm_SmallDependenceLowGrayLevelEmphasis,1.1579630666659204
wavelet-HHL_glrlm_RunPercentage,1.1701215982441333
wavelet-HLH_glrlm_RunVariance,1.1914382560041563
wavelet-HHL_gldm_LargeDependenceEmphasis,1.1950038338302629
wavelet-HLL_gldm_SmallDependenceEmphasis,1.1994209150875763
wavelet-HLH_gldm_SmallDependenceEmphasis,1.2058971510943275
wavelet-HLL_gldm_SmallDependenceLowGrayLevelEmphasis,1.2155571341109963
wavelet-HLH_gldm_SmallDependenceHighGrayLevelEmphasis,1.2208814100983982
wavelet-HLL_glrlm_ShortRunEmphasis,1.2386225952906207
wavelet-HHH_glszm_SizeZoneNonUniformity,5.0
wavelet-HHH_glszm_LowGrayLevelZoneEmphasis,5.0
wavelet-HHH_glszm_HighGrayLevelZoneEmphasis,5.0
