model,l1_C,cv_auc_mean,cv_auc_std,folds
RF n=1000 depth=10,1.0,0.787,0.0295,"[0.7475, 0.7687, 0.7768, 0.8255, 0.8168]"
RF n=1000 depth=10,0.1,0.7865,0.0314,"[0.741, 0.7672, 0.7836, 0.8301, 0.8105]"
SVM-rbf C=1.0 gamma=0.01,0.03,0.786,0.0329,"[0.7521, 0.7526, 0.7781, 0.8354, 0.8115]"
SVM-linear C=0.1,0.03,0.7859,0.0364,"[0.7501, 0.7446, 0.7805, 0.8378, 0.8164]"
RF n=1000 depth=None,0.1,0.7857,0.0321,"[0.7387, 0.7656, 0.7872, 0.8322, 0.8047]"
RF n=500 depth=10,0.1,0.7856,0.0299,"[0.7398, 0.7713, 0.7821, 0.826, 0.8086]"
LR C=0.1,0.03,0.7855,0.0328,"[0.7509, 0.7482, 0.7872, 0.8335, 0.8076]"
RF n=500 depth=None,0.1,0.7854,0.0319,"[0.7356, 0.7708, 0.7862, 0.8305, 0.8041]"
SVM-linear C=10.0,0.03,0.7853,0.0372,"[0.7492, 0.7432, 0.779, 0.8388, 0.8162]"
SVM-linear C=1.0,0.03,0.7851,0.0366,"[0.7489, 0.7444, 0.7786, 0.837, 0.8164]"
RF n=500 depth=10,1.0,0.7851,0.0295,"[0.7443, 0.7691, 0.7738, 0.8202, 0.818]"
RF n=1000 depth=None,1.0,0.7851,0.028,"[0.7456, 0.7668, 0.78, 0.819, 0.8142]"
SVM-linear C=0.01,0.03,0.7845,0.0365,"[0.7516, 0.7439, 0.7769, 0.8424, 0.8074]"
LR C=1.0,0.03,0.7842,0.0327,"[0.7485, 0.747, 0.787, 0.8303, 0.808]"
LR C=0.01,0.03,0.784,0.0335,"[0.7491, 0.7468, 0.7846, 0.8349, 0.8048]"
SVM-rbf C=10.0 gamma=0.001,0.03,0.784,0.0333,"[0.7526, 0.745, 0.7797, 0.8321, 0.8107]"
LR C=10.0,0.03,0.7837,0.0325,"[0.748, 0.7465, 0.7877, 0.8287, 0.8078]"
LGBM n=300 lr=0.05 leaves=31,3.0,0.7836,0.0305,"[0.748, 0.7662, 0.7672, 0.8038, 0.8327]"
RF n=500 depth=None,1.0,0.7832,0.0277,"[0.7479, 0.7634, 0.7733, 0.8155, 0.8158]"
SVM-rbf C=0.1 gamma=0.01,0.03,0.7828,0.0315,"[0.7518, 0.7489, 0.7774, 0.8313, 0.8045]"
RF n=1000 depth=10,3.0,0.7827,0.029,"[0.7547, 0.7535, 0.7703, 0.8197, 0.8152]"
SVM-rbf C=1.0 gamma=0.001,0.03,0.7826,0.0358,"[0.747, 0.7428, 0.779, 0.8366, 0.8076]"
RF n=1000 depth=None,0.3,0.7826,0.03,"[0.7458, 0.7554, 0.7786, 0.8222, 0.8111]"
RF n=1000 depth=10,0.3,0.7822,0.0315,"[0.7439, 0.7561, 0.7744, 0.8263, 0.8105]"
RF n=500 depth=None,0.3,0.7818,0.0331,"[0.7405, 0.7559, 0.7723, 0.8262, 0.814]"
LGBM n=300 lr=0.1 leaves=31,3.0,0.7818,0.0325,"[0.7484, 0.7614, 0.7605, 0.8039, 0.8347]"
RF n=500 depth=10,0.3,0.781,0.0332,"[0.74, 0.7525, 0.7761, 0.8285, 0.8078]"
RF n=500 depth=10,3.0,0.781,0.0289,"[0.753, 0.752, 0.7694, 0.8207, 0.8102]"
LGBM n=300 lr=0.05 leaves=15,3.0,0.7803,0.0289,"[0.7513, 0.7542, 0.767, 0.8055, 0.8233]"
LGBM n=300 lr=0.1 leaves=31,1.0,0.7802,0.0333,"[0.7421, 0.7463, 0.781, 0.8017, 0.8301]"
LGBM n=300 lr=0.1 leaves=15,1.0,0.7796,0.0329,"[0.746, 0.7472, 0.7715, 0.8026, 0.8309]"
RF n=1000 depth=None,3.0,0.7796,0.0262,"[0.7565, 0.7516, 0.768, 0.8147, 0.8071]"
SVM-rbf C=0.1 gamma=0.001,0.03,0.7793,0.0348,"[0.7448, 0.7383, 0.7803, 0.8308, 0.8026]"
SVM-rbf C=1.0 gamma=0.001,1.0,0.7793,0.0319,"[0.7326, 0.753, 0.7896, 0.8191, 0.8022]"
SVM-rbf C=1.0 gamma=0.001,3.0,0.7786,0.0262,"[0.7429, 0.7556, 0.7803, 0.8103, 0.8038]"
LR C=0.01,3.0,0.7782,0.0171,"[0.7533, 0.7663, 0.7778, 0.7991, 0.7943]"
LR C=0.01,1.0,0.7781,0.0186,"[0.7468, 0.7685, 0.7831, 0.7957, 0.7964]"
LGBM n=300 lr=0.1 leaves=15,3.0,0.7781,0.0332,"[0.7501, 0.7479, 0.7597, 0.7998, 0.8328]"
SVM-rbf C=0.1 gamma=scale,0.03,0.7775,0.0238,"[0.7612, 0.7747, 0.7458, 0.8145, 0.791]"
RF n=500 depth=None,3.0,0.7774,0.0276,"[0.7503, 0.7467, 0.7724, 0.8171, 0.8005]"
LGBM n=300 lr=0.05 leaves=31,1.0,0.776,0.034,"[0.7417, 0.733, 0.7805, 0.8051, 0.8195]"
SVM-rbf C=1.0 gamma=0.001,0.3,0.7758,0.032,"[0.7274, 0.76, 0.7697, 0.813, 0.8092]"
LGBM n=300 lr=0.05 leaves=31,0.1,0.7757,0.0251,"[0.7535, 0.7422, 0.7759, 0.8044, 0.8022]"
SVM-rbf C=1.0 gamma=0.001,0.1,0.7755,0.0325,"[0.7248, 0.7535, 0.7839, 0.8003, 0.8147]"
SVM-rbf C=0.1 gamma=0.01,0.1,0.7753,0.0317,"[0.7302, 0.7562, 0.7699, 0.8007, 0.8194]"
SVM-rbf C=1.0 gamma=scale,1.0,0.7753,0.024,"[0.7356, 0.7631, 0.7915, 0.8045, 0.7817]"
LGBM n=300 lr=0.05 leaves=15,1.0,0.7753,0.0308,"[0.7482, 0.7385, 0.7704, 0.7986, 0.8209]"
LR C=0.01,0.3,0.7744,0.024,"[0.7328, 0.7658, 0.7783, 0.7988, 0.796]"
SVM-rbf C=0.1 gamma=scale,0.1,0.7739,0.0304,"[0.7277, 0.7611, 0.7665, 0.8015, 0.8128]"
SVM-rbf C=0.1 gamma=0.001,0.1,0.7739,0.0341,"[0.7274, 0.7463, 0.7832, 0.7874, 0.8252]"
LGBM n=300 lr=0.1 leaves=15,0.3,0.7738,0.0337,"[0.7361, 0.7421, 0.767, 0.7998, 0.824]"
LGBM n=300 lr=0.1 leaves=31,0.1,0.7733,0.0347,"[0.7309, 0.7388, 0.775, 0.8003, 0.8214]"
LGBM n=300 lr=0.1 leaves=31,0.3,0.7729,0.0387,"[0.7296, 0.7398, 0.759, 0.8072, 0.829]"
LGBM n=300 lr=0.05 leaves=31,0.3,0.7724,0.0385,"[0.7419, 0.7333, 0.7489, 0.814, 0.824]"
SVM-rbf C=0.1 gamma=0.001,1.0,0.7724,0.0333,"[0.7253, 0.7571, 0.7585, 0.809, 0.8121]"
SVM-rbf C=1.0 gamma=scale,3.0,0.772,0.0185,"[0.7429, 0.7602, 0.7806, 0.7961, 0.7805]"
SVM-rbf C=1.0 gamma=scale,0.3,0.7718,0.0236,"[0.7359, 0.7617, 0.773, 0.8082, 0.7799]"
SVM-rbf C=0.1 gamma=scale,1.0,0.7717,0.0289,"[0.7339, 0.7601, 0.7562, 0.8156, 0.7927]"
SVM-rbf C=0.1 gamma=0.001,0.3,0.771,0.0322,"[0.7309, 0.7557, 0.7499, 0.8088, 0.8095]"
SVM-rbf C=1.0 gamma=0.01,0.1,0.7706,0.0245,"[0.7274, 0.7641, 0.7749, 0.7981, 0.7884]"
RF n=500 depth=10,0.03,0.77,0.0327,"[0.7215, 0.7579, 0.7603, 0.8171, 0.7933]"
LGBM n=300 lr=0.05 leaves=15,0.1,0.7699,0.0291,"[0.7496, 0.7275, 0.7689, 0.8027, 0.8007]"
LR C=0.01,0.1,0.7698,0.0266,"[0.7251, 0.7544, 0.7826, 0.7956, 0.7915]"
RF n=500 depth=None,0.03,0.7697,0.0306,"[0.7215, 0.7635, 0.7597, 0.8105, 0.7932]"
SVM-rbf C=0.1 gamma=scale,3.0,0.7697,0.0253,"[0.7436, 0.7598, 0.7455, 0.8005, 0.7993]"
SVM-rbf C=0.1 gamma=0.001,3.0,0.7696,0.03,"[0.7333, 0.7573, 0.7477, 0.7985, 0.8111]"
RF n=1000 depth=10,0.03,0.7695,0.0326,"[0.7191, 0.759, 0.7622, 0.8154, 0.7919]"
SVM-rbf C=1.0 gamma=scale,0.1,0.7694,0.0233,"[0.7301, 0.7593, 0.7754, 0.7981, 0.7841]"
SVM-rbf C=1.0 gamma=scale,0.03,0.769,0.018,"[0.7509, 0.7679, 0.7526, 0.8009, 0.7729]"
RF n=1000 depth=None,0.03,0.7689,0.031,"[0.7217, 0.761, 0.7576, 0.8116, 0.7926]"
LGBM n=300 lr=0.05 leaves=15,0.3,0.7674,0.0302,"[0.7297, 0.746, 0.7552, 0.8036, 0.8026]"
SVM-rbf C=10.0 gamma=0.01,0.03,0.7673,0.0282,"[0.726, 0.7513, 0.7685, 0.8101, 0.7806]"
SVM-rbf C=0.1 gamma=scale,0.3,0.7649,0.0336,"[0.7277, 0.7542, 0.7352, 0.8153, 0.792]"
SVM-rbf C=1.0 gamma=0.01,0.3,0.7645,0.0275,"[0.7219, 0.7619, 0.7663, 0.8087, 0.7637]"
SVM-rbf C=0.1 gamma=0.01,0.3,0.7633,0.0375,"[0.7198, 0.7559, 0.7344, 0.8265, 0.7796]"
LGBM n=300 lr=0.1 leaves=15,0.1,0.7631,0.0304,"[0.7221, 0.7316, 0.7756, 0.793, 0.7931]"
SVM-linear C=0.01,0.1,0.7607,0.0259,"[0.7128, 0.755, 0.7759, 0.7858, 0.7741]"
SVM-linear C=0.01,3.0,0.7582,0.0184,"[0.7241, 0.756, 0.7762, 0.7638, 0.7709]"
SVM-rbf C=10.0 gamma=0.001,0.1,0.7571,0.026,"[0.7068, 0.7607, 0.7744, 0.7793, 0.7642]"
SVM-linear C=0.01,1.0,0.7565,0.0182,"[0.7268, 0.754, 0.7764, 0.7506, 0.7747]"
SVM-linear C=0.01,0.3,0.7518,0.0177,"[0.7207, 0.7458, 0.7655, 0.7561, 0.7708]"
SVM-rbf C=0.1 gamma=0.01,1.0,0.7516,0.0294,"[0.7236, 0.7388, 0.7503, 0.8079, 0.7373]"
SVM-rbf C=10.0 gamma=0.001,0.3,0.751,0.0182,"[0.7159, 0.7526, 0.7605, 0.7679, 0.7582]"
LR C=0.1,0.3,0.7507,0.0148,"[0.7241, 0.7477, 0.7537, 0.7605, 0.7673]"
LR C=0.1,0.01,0.7494,0.043,"[0.7111, 0.7022, 0.7405, 0.8191, 0.7739]"
SVM-rbf C=1.0 gamma=0.001,0.01,0.7494,0.0431,"[0.7085, 0.7046, 0.74, 0.8197, 0.7741]"
LR C=0.1,0.1,0.7493,0.0244,"[0.7091, 0.7538, 0.7578, 0.7841, 0.7417]"
LR C=0.01,0.01,0.7492,0.0432,"[0.7094, 0.7029, 0.7405, 0.8193, 0.7739]"
LR C=1.0,0.01,0.7491,0.0432,"[0.7113, 0.701, 0.7403, 0.8191, 0.7739]"
LR C=10.0,0.01,0.7491,0.0432,"[0.7115, 0.7009, 0.7403, 0.819, 0.7739]"
SVM-rbf C=0.1 gamma=0.01,0.01,0.7491,0.0431,"[0.708, 0.7044, 0.74, 0.8191, 0.7739]"
SVM-rbf C=0.1 gamma=0.001,0.01,0.7489,0.0426,"[0.708, 0.7041, 0.7408, 0.8175, 0.774]"
SVM-rbf C=10.0 gamma=0.001,1.0,0.7489,0.0206,"[0.7268, 0.7266, 0.7774, 0.7468, 0.7668]"
SVM-linear C=0.01,0.01,0.7487,0.0433,"[0.7074, 0.7034, 0.7401, 0.8188, 0.7739]"
SVM-linear C=10.0,0.01,0.7487,0.0419,"[0.7075, 0.7056, 0.7402, 0.8161, 0.7739]"
SVM-rbf C=1.0 gamma=0.01,0.01,0.7487,0.0427,"[0.7072, 0.7043, 0.7405, 0.8174, 0.7739]"
SVM-rbf C=10.0 gamma=0.001,0.01,0.7487,0.0427,"[0.7072, 0.7044, 0.7407, 0.8174, 0.7739]"
SVM-linear C=1.0,0.01,0.7486,0.042,"[0.7075, 0.7053, 0.7402, 0.8161, 0.7739]"
SVM-linear C=0.1,0.01,0.7485,0.0426,"[0.7075, 0.7036, 0.7407, 0.8168, 0.7739]"
SVM-rbf C=10.0 gamma=0.01,0.3,0.7485,0.0274,"[0.7087, 0.7436, 0.7503, 0.7947, 0.7451]"
SVM-linear C=0.1,0.1,0.7482,0.0227,"[0.7114, 0.7511, 0.7629, 0.7779, 0.7374]"
LR C=0.1,3.0,0.7478,0.0166,"[0.7161, 0.7485, 0.7609, 0.761, 0.7525]"
SVM-rbf C=1.0 gamma=0.01,1.0,0.7476,0.024,"[0.7183, 0.748, 0.7504, 0.7896, 0.7319]"
SVM-rbf C=10.0 gamma=0.01,0.01,0.7472,0.0441,"[0.7036, 0.7007, 0.7406, 0.8171, 0.7739]"
LR C=0.1,1.0,0.7459,0.0132,"[0.725, 0.745, 0.7619, 0.7398, 0.7576]"
LGBM n=300 lr=0.05 leaves=15,0.03,0.7452,0.0257,"[0.7246, 0.7077, 0.755, 0.7588, 0.7796]"
SVM-rbf C=10.0 gamma=scale,1.0,0.743,0.019,"[0.7144, 0.7347, 0.7694, 0.7575, 0.739]"
SVM-rbf C=10.0 gamma=scale,3.0,0.743,0.0124,"[0.7272, 0.739, 0.7521, 0.7619, 0.7349]"
SVM-rbf C=10.0 gamma=0.001,3.0,0.7429,0.0137,"[0.7221, 0.7315, 0.7562, 0.7489, 0.7557]"
SVM-rbf C=10.0 gamma=0.01,1.0,0.7405,0.0279,"[0.6995, 0.7335, 0.7523, 0.7848, 0.7322]"
SVM-rbf C=0.1 gamma=scale,0.01,0.7401,0.0282,"[0.7198, 0.7125, 0.7391, 0.793, 0.736]"
SVM-rbf C=1.0 gamma=scale,0.01,0.7398,0.0242,"[0.715, 0.7207, 0.7562, 0.779, 0.7281]"
LR C=1.0,0.1,0.7398,0.024,"[0.7074, 0.7482, 0.7453, 0.7769, 0.721]"
SVM-rbf C=10.0 gamma=scale,0.3,0.7398,0.0216,"[0.7032, 0.7344, 0.7506, 0.769, 0.7418]"
LGBM n=300 lr=0.1 leaves=15,0.03,0.7391,0.0203,"[0.7246, 0.7126, 0.7383, 0.748, 0.7718]"
LGBM n=300 lr=0.1 leaves=31,0.03,0.7389,0.0275,"[0.713, 0.7041, 0.7405, 0.7598, 0.7772]"
SVM-rbf C=10.0 gamma=scale,0.1,0.7374,0.0269,"[0.6928, 0.7473, 0.7393, 0.7761, 0.7315]"
LGBM n=300 lr=0.05 leaves=31,0.03,0.737,0.0283,"[0.7038, 0.7056, 0.7438, 0.7564, 0.7756]"
SVM-rbf C=10.0 gamma=0.01,0.1,0.737,0.0266,"[0.6892, 0.7479, 0.7391, 0.7708, 0.7379]"
SVM-rbf C=0.1 gamma=0.01,3.0,0.737,0.016,"[0.7224, 0.728, 0.7311, 0.7679, 0.7357]"
LR C=10.0,0.1,0.7368,0.025,"[0.7046, 0.7463, 0.7407, 0.7762, 0.716]"
SVM-linear C=1.0,0.1,0.7368,0.028,"[0.7039, 0.7396, 0.7532, 0.779, 0.7086]"
SVM-rbf C=1.0 gamma=0.01,3.0,0.7352,0.0131,"[0.7177, 0.7359, 0.7308, 0.7583, 0.7334]"
SVM-linear C=10.0,0.1,0.735,0.0283,"[0.7019, 0.7362, 0.7491, 0.7797, 0.708]"
SVM-rbf C=10.0 gamma=scale,0.01,0.7344,0.0228,"[0.6995, 0.7246, 0.7684, 0.7455, 0.734]"
SVM-rbf C=10.0 gamma=0.01,3.0,0.7314,0.0158,"[0.7117, 0.7262, 0.7345, 0.7593, 0.7252]"
SVM-linear C=0.1,0.3,0.7298,0.0153,"[0.7043, 0.7224, 0.745, 0.7451, 0.7324]"
LR C=1.0,0.3,0.7224,0.014,"[0.7065, 0.7191, 0.7195, 0.7181, 0.7487]"
SVM-rbf C=10.0 gamma=scale,0.03,0.7188,0.0233,"[0.6819, 0.7444, 0.7145, 0.7434, 0.71]"
SVM-linear C=1.0,0.3,0.7151,0.0145,"[0.7046, 0.695, 0.7296, 0.7128, 0.7333]"
SVM-linear C=0.1,1.0,0.7131,0.0173,"[0.6933, 0.7159, 0.7441, 0.7022, 0.7099]"
LR C=10.0,0.3,0.7115,0.0166,"[0.7003, 0.7043, 0.7038, 0.7044, 0.7445]"
SVM-linear C=0.1,3.0,0.711,0.0194,"[0.6764, 0.7152, 0.7357, 0.7182, 0.7092]"
RF n=500 depth=10,0.01,0.7078,0.0391,"[0.7178, 0.6571, 0.705, 0.7744, 0.685]"
SVM-linear C=10.0,0.3,0.7077,0.0234,"[0.6947, 0.6817, 0.7193, 0.6952, 0.7476]"
RF n=1000 depth=10,0.01,0.707,0.0406,"[0.7164, 0.6542, 0.7099, 0.7749, 0.6795]"
LR C=1.0,3.0,0.703,0.018,"[0.6708, 0.7051, 0.7262, 0.7034, 0.7098]"
LR C=1.0,1.0,0.7003,0.017,"[0.6766, 0.6949, 0.7274, 0.6937, 0.7092]"
LGBM n=300 lr=0.05 leaves=31,0.01,0.696,0.0369,"[0.6654, 0.6622, 0.691, 0.7647, 0.6965]"
LGBM n=300 lr=0.05 leaves=15,0.01,0.6949,0.035,"[0.6591, 0.6697, 0.684, 0.7584, 0.7031]"
RF n=1000 depth=None,0.01,0.6889,0.0427,"[0.7129, 0.6449, 0.6926, 0.754, 0.6403]"
RF n=500 depth=None,0.01,0.688,0.0411,"[0.7169, 0.6451, 0.6894, 0.7477, 0.6409]"
LGBM n=300 lr=0.1 leaves=15,0.01,0.688,0.0389,"[0.6545, 0.6535, 0.6842, 0.7605, 0.6872]"
LR C=10.0,1.0,0.6826,0.0233,"[0.6494, 0.6742, 0.7202, 0.6769, 0.6925]"
LR C=10.0,3.0,0.6822,0.0166,"[0.6554, 0.6889, 0.7056, 0.6754, 0.6859]"
LGBM n=300 lr=0.1 leaves=31,0.01,0.6815,0.0429,"[0.6507, 0.6398, 0.6759, 0.7619, 0.679]"
SVM-linear C=1.0,1.0,0.6799,0.0288,"[0.6651, 0.6588, 0.7248, 0.6487, 0.7022]"
SVM-linear C=10.0,1.0,0.6736,0.025,"[0.6376, 0.6648, 0.7155, 0.6769, 0.6734]"
SVM-linear C=10.0,3.0,0.6656,0.0254,"[0.6523, 0.6824, 0.7029, 0.6289, 0.6617]"
SVM-linear C=1.0,3.0,0.6632,0.0223,"[0.6506, 0.6844, 0.6908, 0.6297, 0.6605]"
