case_key,vendor,model,spacing_z,thick_mm,th_bin
7837dc507db5,SIEMENS,Verio,1.0,1.0,thin<=2.0
87b7f4e606e8,GE MEDICAL SYSTEMS,Signa HDxt,4.0,4.0,thick>3.2
3af481e598af,GE MEDICAL SYSTEMS,Signa HDxt,4.0,4.0,thick>3.2
6508b27112a7,GE MEDICAL SYSTEMS,Signa HDxt,4.0,4.0,thick>3.2
787ba556c67e,GE MEDICAL SYSTEMS,Signa HDxt,4.0,4.0,thick>3.2
dd8cf2855f78,GE MEDICAL SYSTEMS,Signa HDxt,4.0,4.0,thick>3.2
8c17510f4e90,GE MEDICAL SYSTEMS,Signa HDxt,4.0,4.0,thick>3.2
9e01261fa775,GE MEDICAL SYSTEMS,Signa HDxt,4.0,4.0,thick>3.2
f7236cb2c4e4,GE MEDICAL SYSTEMS,Signa HDxt,3.5,3.5,thick>3.2
8f992e07f0e7,GE MEDICAL SYSTEMS,Signa HDxt,4.0,4.0,thick>3.2
f37b65285193,GE MEDICAL SYSTEMS,Signa HDxt,4.0,4.0,thick>3.2
d3c79723520e,GE MEDICAL SYSTEMS,Signa HDxt,3.5,3.5,thick>3.2
dca4c8c8e7a1,GE MEDICAL SYSTEMS,Signa HDxt,4.0,4.0,thick>3.2
9b4b25b82916,GE MEDICAL SYSTEMS,Signa HDxt,4.0,4.0,thick>3.2
383c9339f3fe,GE MEDICAL SYSTEMS,Signa HDxt,4.0,4.0,thick>3.2
f27b6d2a9292,SIEMENS,Skyra,1.5,1.5,thin<=2.0
7f3aa14827df,GE MEDICAL SYSTEMS,Signa HDxt,4.0,4.0,thick>3.2
ff214940e8c6,GE MEDICAL SYSTEMS,Signa HDxt,4.0,4.0,thick>3.2
dd1e7581251b,GE MEDICAL SYSTEMS,Signa HDxt,4.0,4.0,thick>3.2
1985c3112a2f,GE MEDICAL SYSTEMS,Signa HDxt,4.0,4.0,thick>3.2
39410f85cbaa,GE MEDICAL SYSTEMS,Signa HDxt,4.0,4.0,thick>3.2
73998685ece6,GE MEDICAL SYSTEMS,Signa HDxt,4.0,4.0,thick>3.2
aaba745224c4,GE MEDICAL SYSTEMS,Signa HDxt,4.0,4.0,thick>3.2
ef7d6feda3ee,GE MEDICAL SYSTEMS,Signa HDxt,4.0,4.0,thick>3.2
511207b42703,SIEMENS,Skyra,1.5,1.5,thin<=2.0
96e4acbdbdf4,GE MEDICAL SYSTEMS,Signa HDxt,4.0,4.0,thick>3.2
3cf5f4e24b32,GE MEDICAL SYSTEMS,Signa HDxt,4.0,4.0,thick>3.2
d2d1b4b32ad9,GE MEDICAL SYSTEMS,Signa HDxt,3.5,3.5,thick>3.2
359273fca917,GE MEDICAL SYSTEMS,Signa HDxt,3.5,3.5,thick>3.2
c75c6abf6336,GE MEDICAL SYSTEMS,Signa HDxt,3.5,3.5,thick>3.2
5475a4b69b60,GE MEDICAL SYSTEMS,Signa HDxt,3.5,3.5,thick>3.2
00ccdc379545,GE MEDICAL SYSTEMS,Signa HDxt,4.0,4.0,thick>3.2
59c238886036,SIEMENS,Verio,1.5,1.5,thin<=2.0
11a26e969e24,GE MEDICAL SYSTEMS,Signa HDxt,4.0,4.0,thick>3.2
daaf2f1972c5,GE MEDICAL SYSTEMS,Signa HDxt,4.0,4.0,thick>3.2
faaf16ba7263,GE MEDICAL SYSTEMS,Signa HDxt,4.0,4.0,thick>3.2
443916cfa7f7,GE MEDICAL SYSTEMS,Signa HDxt,4.0,4.0,thick>3.2
34135adfaa4d,GE MEDICAL SYSTEMS,Signa HDxt,4.0,4.0,thick>3.2
bd289a834221,GE MEDICAL SYSTEMS,Signa HDxt,4.0,4.0,thick>3.2
f63804064e38,GE MEDICAL SYSTEMS,Signa HDxt,3.5,3.5,thick>3.2
b3ef8673413f,GE MEDICAL SYSTEMS,Signa HDxt,4.0,4.0,thick>3.2
d227b38a404b,SIEMENS,Verio,1.0,1.0,thin<=2.0
742db5138f2e,GE MEDICAL SYSTEMS,Signa HDxt,4.0,4.0,thick>3.2
94a14275f8ce,GE MEDICAL SYSTEMS,Signa HDxt,4.0,4.0,thick>3.2
af3a556adcb3,GE MEDICAL SYSTEMS,Signa HDxt,4.0,4.0,thick>3.2
e6f6fb78c1f6,GE MEDICAL SYSTEMS,Signa HDxt,4.0,4.0,thick>3.2
ef7aaae4c1c7,SIEMENS,Verio,1.5,1.5,thin<=2.0
02580663e442,SIEMENS,Skyra,1.5,1.5,thin<=2.0
15f6f28a69ea,GE MEDICAL SYSTEMS,Signa HDxt,4.0,4.0,thick>3.2
61bab495da4b,GE MEDICAL SYSTEMS,Signa HDxt,4.0,4.0,thick>3.2
71a690bc57f1,GE MEDICAL SYSTEMS,Signa HDxt,4.0,4.0,thick>3.2
25aeaca5bcd5,GE MEDICAL SYSTEMS,Signa HDxt,4.0,4.0,thick>3.2
edc1901105dc,SIEMENS,Skyra,1.5,1.5,thin<=2.0
fbc6e7742e32,GE MEDICAL SYSTEMS,Signa HDxt,4.0,4.0,thick>3.2
8c4c3df7e00d,SIEMENS,Skyra,1.5,1.5,thin<=2.0
44e446f704c4,GE MEDICAL SYSTEMS,Signa HDxt,4.0,4.0,thick>3.2
d5fc79c2a27b,GE MEDICAL SYSTEMS,Signa HDxt,4.0,4.0,thick>3.2
4d4eccabd820,GE MEDICAL SYSTEMS,Signa HDxt,4.0,4.0,thick>3.2
83263611c9d3,GE MEDICAL SYSTEMS,Signa HDxt,4.0,4.0,thick>3.2
1a7750404801,GE MEDICAL SYSTEMS,Signa HDxt,4.0,4.0,thick>3.2
278d7c69f8b3,SIEMENS,Skyra,1.5,1.5,thin<=2.0
39f23f3f1787,GE MEDICAL SYSTEMS,Signa HDxt,4.0,4.0,thick>3.2
b1ea2f5e2d57,SIEMENS,Verio,1.5,1.5,thin<=2.0
37d7d0afdb11,SIEMENS,Skyra,1.5,1.5,thin<=2.0
98da96190b5f,SIEMENS,Verio,1.5,1.5,thin<=2.0
b04d89bc27a7,GE MEDICAL SYSTEMS,Signa HDxt,4.0,4.0,thick>3.2
d34fed578b3e,GE MEDICAL SYSTEMS,Signa HDxt,4.0,4.0,thick>3.2
bd966a922e70,SIEMENS,Verio,1.68,1.68,thin<=2.0
65bc5b93a479,GE MEDICAL SYSTEMS,Signa HDxt,4.0,4.0,thick>3.2
945525e08d7d,GE MEDICAL SYSTEMS,Signa HDxt,4.0,4.0,thick>3.2
ee011ee91e99,GE MEDICAL SYSTEMS,Signa HDxt,4.0,4.0,thick>3.2
74e2986295b8,GE MEDICAL SYSTEMS,Signa HDxt,4.0,4.0,thick>3.2
60ad1a3dbdd0,GE MEDICAL SYSTEMS,Signa HDxt,4.0,4.0,thick>3.2
baed1503a6be,GE MEDICAL SYSTEMS,Signa HDxt,4.0,4.0,thick>3.2
e99ae5a51d16,SIEMENS,Skyra,1.5,1.5,thin<=2.0
efce383777d9,GE MEDICAL SYSTEMS,Signa HDxt,4.0,4.0,thick>3.2
87ddd56f8106,GE MEDICAL SYSTEMS,Signa HDxt,4.0,4.0,thick>3.2
729c00d2f72f,GE MEDICAL SYSTEMS,Signa HDxt,4.0,4.0,thick>3.2
201a88716779,GE MEDICAL SYSTEMS,Signa HDxt,4.0,4.0,thick>3.2
25b46f10c2e4,GE MEDICAL SYSTEMS,Signa HDxt,4.0,4.0,thick>3.2
10cbcc28f950,SIEMENS,Verio,1.5,1.5,thin<=2.0
e9642f31f383,GE MEDICAL SYSTEMS,Signa HDxt,4.0,4.0,thick>3.2
920565c7c40f,GE MEDICAL SYSTEMS,Signa HDxt,4.0,4.0,thick>3.2
35ed1f25be16,GE MEDICAL SYSTEMS,Signa HDxt,4.0,4.0,thick>3.2
3193cb543055,SIEMENS,Verio,1.5,1.5,thin<=2.0
7d8e595bf7bc,GE MEDICAL SYSTEMS,Signa HDxt,4.0,4.0,thick>3.2
1cbe363f9ffe,SIEMENS,Verio,1.5,1.5,thin<=2.0
17da17129493,GE MEDICAL SYSTEMS,Signa HDxt,4.0,4.0,thick>3.2
8d3d1f41d6f7,GE MEDICAL SYSTEMS,Signa HDxt,4.0,4.0,thick>3.2
05e6c7e1fdb0,SIEMENS,Skyra,1.5,1.5,thin<=2.0
091610e5c0db,GE MEDICAL SYSTEMS,Signa HDxt,4.0,4.0,thick>3.2
1a042ee8887f,SIEMENS,Skyra,1.5,1.5,thin<=2.0
53edc47f9efb,SIEMENS,Skyra,1.5,1.5,thin<=2.0
a1029bd6d571,GE MEDICAL SYSTEMS,Signa HDxt,4.0,4.0,thick>3.2
403aebeb4534,SIEMENS,Verio,1.77,1.77,thin<=2.0
952845cfd38c,SIEMENS,Skyra,1.5,1.5,thin<=2.0
965e53928e1c,GE MEDICAL SYSTEMS,Signa HDxt,4.0,4.0,thick>3.2
13e8289fbc25,GE MEDICAL SYSTEMS,Signa HDxt,4.0,4.0,thick>3.2
5f10172f1685,GE MEDICAL SYSTEMS,Signa HDxt,4.0,4.0,thick>3.2
35677940788a,GE MEDICAL SYSTEMS,Signa HDxt,4.0,4.0,thick>3.2
df48a1ea84cd,GE MEDICAL SYSTEMS,Signa HDxt,4.0,4.0,thick>3.2
15a926f66829,GE MEDICAL SYSTEMS,Signa HDxt,4.0,4.0,thick>3.2
368605a47c77,GE MEDICAL SYSTEMS,Signa HDxt,4.0,4.0,thick>3.2
55e139fa5f53,GE MEDICAL SYSTEMS,Signa HDxt,4.0,4.0,thick>3.2
406e388212f9,GE MEDICAL SYSTEMS,Signa HDxt,4.0,4.0,thick>3.2
a0d29773da73,GE MEDICAL SYSTEMS,Signa HDxt,4.0,4.0,thick>3.2
ddeda054c277,GE MEDICAL SYSTEMS,Signa HDxt,4.0,4.0,thick>3.2
10c4d6ef4620,GE MEDICAL SYSTEMS,Signa HDxt,4.0,4.0,thick>3.2
61225232beca,GE MEDICAL SYSTEMS,Signa HDxt,4.0,4.0,thick>3.2
9e62ebdc3b75,GE MEDICAL SYSTEMS,Signa HDxt,4.0,4.0,thick>3.2
2ec758e4275d,GE MEDICAL SYSTEMS,Signa HDxt,4.0,4.0,thick>3.2
bda68e15d07b,GE MEDICAL SYSTEMS,Signa HDxt,4.0,4.0,thick>3.2
761b0214055b,GE MEDICAL SYSTEMS,Signa HDxt,4.0,4.0,thick>3.2
297100605187,GE MEDICAL SYSTEMS,Signa HDxt,3.5,3.5,thick>3.2
cafefe666734,GE MEDICAL SYSTEMS,Signa HDxt,4.0,4.0,thick>3.2
bfca7b8e2b3f,GE MEDICAL SYSTEMS,Signa HDxt,4.0,4.0,thick>3.2
000339fe96e5,GE MEDICAL SYSTEMS,Signa HDxt,4.0,4.0,thick>3.2
d58ed86d9da1,SIEMENS,Skyra,1.36,1.36,thin<=2.0
9e2c2c1dc9d8,SIEMENS,Verio,1.0,1.0,thin<=2.0
498f3e8f8724,GE MEDICAL SYSTEMS,Signa HDxt,4.0,4.0,thick>3.2
412f6420702a,GE MEDICAL SYSTEMS,Signa HDxt,4.0,4.0,thick>3.2
2307af54a245,SIEMENS,Verio,1.5,1.5,thin<=2.0
8d50873b20e1,GE MEDICAL SYSTEMS,Signa HDxt,4.0,4.0,thick>3.2
79b1f4aa1331,GE MEDICAL SYSTEMS,Signa HDxt,3.5,3.5,thick>3.2
be3ced816aac,GE MEDICAL SYSTEMS,Signa HDxt,4.0,4.0,thick>3.2
f1468db53560,GE MEDICAL SYSTEMS,Signa HDxt,4.0,4.0,thick>3.2
23ce305469f3,GE MEDICAL SYSTEMS,Signa HDxt,4.0,4.0,thick>3.2
e5838317a748,GE MEDICAL SYSTEMS,Signa HDxt,4.0,4.0,thick>3.2
3a40a040ac9c,SIEMENS,Verio,1.11,1.11,thin<=2.0
46914fbad1a3,GE MEDICAL SYSTEMS,Signa HDxt,4.0,4.0,thick>3.2
eed5529bc30e,SIEMENS,Verio,1.0,1.0,thin<=2.0
e0bcb246ffa5,GE MEDICAL SYSTEMS,Signa HDxt,4.0,4.0,thick>3.2
44853c1b5728,GE MEDICAL SYSTEMS,Signa HDxt,4.0,4.0,thick>3.2
bafb3c0da40e,GE MEDICAL SYSTEMS,Signa HDxt,4.0,4.0,thick>3.2
9885206948c0,GE MEDICAL SYSTEMS,Signa HDxt,4.0,4.0,thick>3.2
230932ea3290,SIEMENS,Verio,1.0,1.0,thin<=2.0
623b8788f1f1,SIEMENS,Verio,1.0,1.0,thin<=2.0
6efc0d7cb0ea,GE MEDICAL SYSTEMS,Signa HDxt,4.0,4.0,thick>3.2
17950c38bdfc,GE MEDICAL SYSTEMS,Signa HDxt,4.0,4.0,thick>3.2
d82d8293ac8a,GE MEDICAL SYSTEMS,Signa HDxt,4.0,4.0,thick>3.2
b712be8efc1f,GE MEDICAL SYSTEMS,Signa HDxt,4.0,4.0,thick>3.2
9f01a6068a2f,GE MEDICAL SYSTEMS,Signa HDxt,4.0,4.0,thick>3.2
95792eafa9f9,GE MEDICAL SYSTEMS,Signa HDxt,4.0,4.0,thick>3.2
2f8e28ca1c58,GE MEDICAL SYSTEMS,Signa HDxt,4.0,4.0,thick>3.2
bea7edb57cf2,GE MEDICAL SYSTEMS,Signa HDxt,4.0,4.0,thick>3.2
51e9f0de17da,GE MEDICAL SYSTEMS,Signa HDxt,4.0,4.0,thick>3.2
019b4022249e,GE MEDICAL SYSTEMS,Signa HDxt,4.0,4.0,thick>3.2
ec4aeed0d1c3,SIEMENS,Verio,1.0,1.0,thin<=2.0
9f7f3434a3ff,GE MEDICAL SYSTEMS,Signa HDxt,4.0,4.0,thick>3.2
48c996d88af9,GE MEDICAL SYSTEMS,Signa HDxt,4.0,4.0,thick>3.2
ddbddee5c72f,GE MEDICAL SYSTEMS,Signa HDxt,4.0,4.0,thick>3.2
ae507bb091d7,GE MEDICAL SYSTEMS,Signa HDxt,4.0,4.0,thick>3.2
585612534119,GE MEDICAL SYSTEMS,Signa HDxt,4.0,4.0,thick>3.2
5a7fc6f81a12,GE MEDICAL SYSTEMS,Signa HDxt,4.0,4.0,thick>3.2
ebca0ea503ea,SIEMENS,Verio,1.17,1.17,thin<=2.0
de0aba171e62,GE MEDICAL SYSTEMS,Signa HDxt,4.0,4.0,thick>3.2
5ae1482e7890,SIEMENS,Verio,1.0,1.0,thin<=2.0
f61da7693ed8,SIEMENS,Verio,1.0,1.0,thin<=2.0
f4761f27794d,GE MEDICAL SYSTEMS,Signa HDxt,4.0,4.0,thick>3.2
ab2a97388cc0,GE MEDICAL SYSTEMS,Signa HDxt,4.0,4.0,thick>3.2
9267c43766fa,GE MEDICAL SYSTEMS,Signa HDxt,4.0,4.0,thick>3.2
9c7ae94c0495,GE MEDICAL SYSTEMS,Signa HDxt,4.0,4.0,thick>3.2
71924d9b8d72,GE MEDICAL SYSTEMS,Signa HDxt,4.0,4.0,thick>3.2
861e60597280,GE MEDICAL SYSTEMS,Signa HDxt,4.0,4.0,thick>3.2
4b8054ae6292,SIEMENS,Verio,1.11,1.11,thin<=2.0
f4932572fc1f,GE MEDICAL SYSTEMS,Signa HDxt,4.0,4.0,thick>3.2
2485931b3aa0,GE MEDICAL SYSTEMS,Signa HDxt,4.0,4.0,thick>3.2
c8eaadbdfce4,SIEMENS,Skyra,1.5,1.5,thin<=2.0
8ac68be9b80e,SIEMENS,Verio,1.27,1.27,thin<=2.0
351ca2886d37,SIEMENS,Verio,1.03,1.03,thin<=2.0
bab1c647f801,GE MEDICAL SYSTEMS,Signa HDxt,4.0,4.0,thick>3.2
96d5da85e151,GE MEDICAL SYSTEMS,Signa HDxt,4.0,4.0,thick>3.2
38fcc95df3a1,GE MEDICAL SYSTEMS,Signa HDxt,4.0,4.0,thick>3.2
70fad7dc502e,GE MEDICAL SYSTEMS,Signa HDxt,4.0,4.0,thick>3.2
d9d9ccd3b6f7,GE MEDICAL SYSTEMS,Signa HDxt,4.0,4.0,thick>3.2
f05a92d7fc26,SIEMENS,Skyra,1.5,1.5,thin<=2.0
1c96cc97bd76,GE MEDICAL SYSTEMS,Signa HDxt,4.0,4.0,thick>3.2
f97355f4d480,SIEMENS,Verio,1.27,1.27,thin<=2.0
032709c08303,SIEMENS,Skyra,1.5,1.5,thin<=2.0
3fbd8b426074,GE MEDICAL SYSTEMS,Signa HDxt,4.0,4.0,thick>3.2
14cb64ef71f6,GE MEDICAL SYSTEMS,Signa HDxt,4.0,4.0,thick>3.2
b52e079ee16c,GE MEDICAL SYSTEMS,Signa HDxt,4.0,4.0,thick>3.2
0fd907b8578d,SIEMENS,Verio,1.5,1.5,thin<=2.0
402096742342,SIEMENS,Verio,1.41,1.41,thin<=2.0
a7a8466f4781,SIEMENS,Verio,1.5,1.5,thin<=2.0
ee8b02cc4162,GE MEDICAL SYSTEMS,Signa HDxt,4.0,4.0,thick>3.2
2f0882c8a67d,SIEMENS,Verio,1.5,1.5,thin<=2.0
fc7a78a27a68,GE MEDICAL SYSTEMS,Signa HDxt,4.0,4.0,thick>3.2
5fdfde56db3b,SIEMENS,Verio,1.5,1.5,thin<=2.0
bdc1d1ae8635,SIEMENS,Verio,1.5,1.5,thin<=2.0
3866a6d0e7f4,SIEMENS,Verio,1.5,1.5,thin<=2.0
49a993ee0aff,GE MEDICAL SYSTEMS,Signa HDxt,4.0,4.0,thick>3.2
b7ada1ec0b0a,GE MEDICAL SYSTEMS,Signa HDxt,4.0,4.0,thick>3.2
e60371d70a70,GE MEDICAL SYSTEMS,Signa HDxt,4.0,4.0,thick>3.2
e97c1d70c4ef,GE MEDICAL SYSTEMS,Signa HDxt,4.0,4.0,thick>3.2
13ea8191df16,GE MEDICAL SYSTEMS,Signa HDxt,4.0,4.0,thick>3.2
dbb4243e0310,GE MEDICAL SYSTEMS,Signa HDxt,4.0,4.0,thick>3.2
a87b2eacadfb,GE MEDICAL SYSTEMS,Signa HDxt,4.0,4.0,thick>3.2
a26c779944ad,GE MEDICAL SYSTEMS,Signa HDxt,4.0,4.0,thick>3.2
db6226eb0ea5,GE MEDICAL SYSTEMS,Signa HDxt,4.0,4.0,thick>3.2
bb23ffe1de54,GE MEDICAL SYSTEMS,Signa HDxt,4.0,4.0,thick>3.2
9f1e797aef79,GE MEDICAL SYSTEMS,Signa HDxt,4.0,4.0,thick>3.2
f1a92ed3e671,GE MEDICAL SYSTEMS,Signa HDxt,4.0,4.0,thick>3.2
7bdf87492097,GE MEDICAL SYSTEMS,Signa HDxt,4.0,4.0,thick>3.2
4b2f6c2444d7,GE MEDICAL SYSTEMS,Signa HDxt,4.0,4.0,thick>3.2
eac2be2f0e1c,GE MEDICAL SYSTEMS,Signa HDxt,4.0,4.0,thick>3.2
d69d4b4548d7,GE MEDICAL SYSTEMS,Signa HDxt,4.0,4.0,thick>3.2
609a7ecad91c,GE MEDICAL SYSTEMS,Signa HDxt,4.0,4.0,thick>3.2
37bcf95267a0,GE MEDICAL SYSTEMS,Signa HDxt,4.0,4.0,thick>3.2
6b656ca81743,GE MEDICAL SYSTEMS,Signa HDxt,4.0,4.0,thick>3.2
fd590efe1ca0,GE MEDICAL SYSTEMS,Signa HDxt,4.0,4.0,thick>3.2
3fb5a039f514,SIEMENS,Verio,1.61,1.61,thin<=2.0
c6b39a98b6a1,GE MEDICAL SYSTEMS,Signa HDxt,4.0,4.0,thick>3.2
3ba3e391a3aa,GE MEDICAL SYSTEMS,Signa HDxt,4.0,4.0,thick>3.2
7f5d79c65012,GE MEDICAL SYSTEMS,Signa HDxt,4.0,4.0,thick>3.2
36fb1829cf77,GE MEDICAL SYSTEMS,Signa HDxt,4.0,4.0,thick>3.2
7042d35ebf97,GE MEDICAL SYSTEMS,Signa HDxt,4.0,4.0,thick>3.2
237aab9af41a,GE MEDICAL SYSTEMS,Signa HDxt,4.0,4.0,thick>3.2
1ffe7d49846e,SIEMENS,Verio,1.5,1.5,thin<=2.0
f099199b4421,GE MEDICAL SYSTEMS,Signa HDxt,4.0,4.0,thick>3.2
459182c65454,GE MEDICAL SYSTEMS,Signa HDxt,4.0,4.0,thick>3.2
bc31dd119798,GE MEDICAL SYSTEMS,Signa HDxt,4.0,4.0,thick>3.2
17e9334efc69,GE MEDICAL SYSTEMS,Signa HDxt,4.0,4.0,thick>3.2
9dddea58af00,GE MEDICAL SYSTEMS,Signa HDxt,4.0,4.0,thick>3.2
c14963993c2f,GE MEDICAL SYSTEMS,Signa HDxt,4.0,4.0,thick>3.2
9290cef82980,GE MEDICAL SYSTEMS,Signa HDxt,4.0,4.0,thick>3.2
130dd01537c3,GE MEDICAL SYSTEMS,Signa HDxt,4.0,4.0,thick>3.2
6f64064ff534,GE MEDICAL SYSTEMS,Signa HDxt,4.0,4.0,thick>3.2
47e6cc7e927e,SIEMENS,Skyra,1.5,1.5,thin<=2.0
43d1c7cab0e2,GE MEDICAL SYSTEMS,Signa HDxt,4.0,4.0,thick>3.2
5cf8f7e50760,GE MEDICAL SYSTEMS,Signa HDxt,4.0,4.0,thick>3.2
0b79022539c7,GE MEDICAL SYSTEMS,Signa HDxt,4.0,4.0,thick>3.2
02ce839775eb,GE MEDICAL SYSTEMS,Signa HDxt,4.0,4.0,thick>3.2
ef8620a80ef9,GE MEDICAL SYSTEMS,Signa HDxt,4.0,4.0,thick>3.2
64908760ac33,SIEMENS,Verio,1.5,1.5,thin<=2.0
e0709baeec61,GE MEDICAL SYSTEMS,Signa HDxt,4.0,4.0,thick>3.2
171c1098f5ed,SIEMENS,Verio,1.5,1.5,thin<=2.0
e07308e42292,GE MEDICAL SYSTEMS,Signa HDxt,4.0,4.0,thick>3.2
ea4b458cee49,GE MEDICAL SYSTEMS,Signa HDxt,4.0,4.0,thick>3.2
1e5c0a1e5de5,SIEMENS,Verio,1.5,1.5,thin<=2.0
e05076a01036,GE MEDICAL SYSTEMS,Signa HDxt,4.0,4.0,thick>3.2
1b5c7835a548,GE MEDICAL SYSTEMS,Signa HDxt,4.0,4.0,thick>3.2
381ec811fffd,GE MEDICAL SYSTEMS,Signa HDxt,4.0,4.0,thick>3.2
2ae4356fa71a,GE MEDICAL SYSTEMS,Signa HDxt,4.0,4.0,thick>3.2
5ba03c183bf0,SIEMENS,Skyra,1.5,1.5,thin<=2.0
6cc2f3514cf4,GE MEDICAL SYSTEMS,Signa HDxt,4.0,4.0,thick>3.2
05c62459a51d,GE MEDICAL SYSTEMS,Signa HDxt,4.0,4.0,thick>3.2
112931fb2934,GE MEDICAL SYSTEMS,Signa HDxt,4.0,4.0,thick>3.2
b93f6ec5c176,GE MEDICAL SYSTEMS,Signa HDxt,4.0,4.0,thick>3.2
a5ffb2c9df7c,GE MEDICAL SYSTEMS,Signa HDxt,4.0,4.0,thick>3.2
dde7774eb20c,GE MEDICAL SYSTEMS,Signa HDxt,4.0,4.0,thick>3.2
3ca72fc4932e,GE MEDICAL SYSTEMS,Signa HDxt,4.0,4.0,thick>3.2
669ffc3c6fde,SIEMENS,Verio,1.5,1.5,thin<=2.0
d334a924d157,SIEMENS,Verio,1.5,1.5,thin<=2.0
d40d8ac56731,SIEMENS,Verio,1.5,1.5,thin<=2.0
1f4fba692282,SIEMENS,Skyra,1.5,1.5,thin<=2.0
50f4c14dc98a,GE MEDICAL SYSTEMS,Signa HDxt,4.0,4.0,thick>3.2
d6caa28d27c4,GE MEDICAL SYSTEMS,Signa HDxt,4.0,4.0,thick>3.2
a575c5f524e8,GE MEDICAL SYSTEMS,Signa HDxt,4.0,4.0,thick>3.2
561f070a1367,SIEMENS,Verio,2.49,2.49,mid2.0-3.2
c12fe5a51b42,SIEMENS,Skyra,1.5,1.5,thin<=2.0
bab753ae1ea2,GE MEDICAL SYSTEMS,Signa HDxt,4.0,4.0,thick>3.2
3b9e4cd20d40,GE MEDICAL SYSTEMS,Signa HDxt,4.0,4.0,thick>3.2
dd28dec74ca5,GE MEDICAL SYSTEMS,Signa HDxt,4.0,4.0,thick>3.2
a1dedb34a65d,SIEMENS,Skyra,1.5,1.5,thin<=2.0
6ae3e5b5b09d,GE MEDICAL SYSTEMS,Signa HDxt,4.0,4.0,thick>3.2
9e2a21127dcb,SIEMENS,Skyra,1.5,1.5,thin<=2.0
1ed48abaa1e3,GE MEDICAL SYSTEMS,Signa HDxt,4.0,4.0,thick>3.2
8c147d4887c0,GE MEDICAL SYSTEMS,Signa HDxt,4.0,4.0,thick>3.2
a40ac6626576,GE MEDICAL SYSTEMS,Signa HDxt,4.0,4.0,thick>3.2
549cf426c417,SIEMENS,Verio,1.5,1.5,thin<=2.0
48003938e0b8,SIEMENS,Verio,1.5,1.5,thin<=2.0
f14b358f246d,SIEMENS,Skyra,1.5,1.5,thin<=2.0
65db3c056375,SIEMENS,Skyra,1.5,1.5,thin<=2.0
da6f8e48b973,SIEMENS,Verio,1.5,1.5,thin<=2.0
0cf7ad00d2a4,GE MEDICAL SYSTEMS,Signa HDxt,4.0,4.0,thick>3.2
1d24bc4197d8,SIEMENS,Skyra,1.5,1.5,thin<=2.0
f08d56b1f81a,GE MEDICAL SYSTEMS,Signa HDxt,4.0,4.0,thick>3.2
d2309b33456c,SIEMENS,Skyra,1.5,1.5,thin<=2.0
0e51a71c6c43,SIEMENS,Skyra,1.5,1.5,thin<=2.0
aa8f99beb634,GE MEDICAL SYSTEMS,Signa HDxt,4.0,4.0,thick>3.2
2a75f402b81e,GE MEDICAL SYSTEMS,Signa HDxt,4.0,4.0,thick>3.2
a8aa4b3648cf,GE MEDICAL SYSTEMS,Signa HDxt,4.0,4.0,thick>3.2
6dba21d7b762,SIEMENS,Skyra,1.5,1.5,thin<=2.0
4e51318bd6a0,GE MEDICAL SYSTEMS,Signa HDxt,4.0,4.0,thick>3.2
4082f1efebf9,SIEMENS,Skyra,1.5,1.5,thin<=2.0
a2e6b53e59e8,GE MEDICAL SYSTEMS,Signa HDxt,4.0,4.0,thick>3.2
a868c5447fcd,SIEMENS,Skyra,1.5,1.5,thin<=2.0
364bf6a0de43,GE MEDICAL SYSTEMS,Signa HDxt,4.0,4.0,thick>3.2
4c7dafe284e4,GE MEDICAL SYSTEMS,Signa HDxt,4.0,4.0,thick>3.2
157fc49cc252,GE MEDICAL SYSTEMS,Signa HDxt,4.0,4.0,thick>3.2
086e0946cec5,GE MEDICAL SYSTEMS,Signa HDxt,4.0,4.0,thick>3.2
8b3ebdd57576,SIEMENS,Skyra,1.5,1.5,thin<=2.0
1b4e488086c6,GE MEDICAL SYSTEMS,Signa HDxt,4.0,4.0,thick>3.2
8e891de991d7,GE MEDICAL SYSTEMS,Signa HDxt,4.0,4.0,thick>3.2
891637c1c80d,GE MEDICAL SYSTEMS,Signa HDxt,4.0,4.0,thick>3.2
45ea6d23d713,GE MEDICAL SYSTEMS,Signa HDxt,4.0,4.0,thick>3.2
75eacb324e90,GE MEDICAL SYSTEMS,Signa HDxt,4.0,4.0,thick>3.2
58662f7b9e50,SIEMENS,Verio,1.5,1.5,thin<=2.0
ecc1db8a7426,GE MEDICAL SYSTEMS,Signa HDxt,4.0,4.0,thick>3.2
86e9d8c88302,GE MEDICAL SYSTEMS,Signa HDxt,4.0,4.0,thick>3.2
4cfc1a79be5b,GE MEDICAL SYSTEMS,Signa HDxt,4.0,4.0,thick>3.2
4de68c76d8f7,GE MEDICAL SYSTEMS,Signa HDxt,4.0,4.0,thick>3.2
9a4e5317372f,GE MEDICAL SYSTEMS,Signa HDxt,4.0,4.0,thick>3.2
741525ed7640,SIEMENS,Verio,1.5,1.5,thin<=2.0
f14be55f7f57,GE MEDICAL SYSTEMS,Signa HDxt,4.0,4.0,thick>3.2
c9e9b8cf3635,GE MEDICAL SYSTEMS,Signa HDxt,4.0,4.0,thick>3.2
121e5402a0bc,GE MEDICAL SYSTEMS,Signa HDxt,4.0,4.0,thick>3.2
f884a2875adf,SIEMENS,Skyra,1.59,1.59,thin<=2.0
378fa7addff1,GE MEDICAL SYSTEMS,Signa HDxt,4.0,4.0,thick>3.2
7011cfa1e67e,GE MEDICAL SYSTEMS,Signa HDxt,4.0,4.0,thick>3.2
1eff426078f3,GE MEDICAL SYSTEMS,Signa HDxt,4.0,4.0,thick>3.2
bcddf70bc939,GE MEDICAL SYSTEMS,Signa HDxt,4.0,4.0,thick>3.2
87c07444b3ac,GE MEDICAL SYSTEMS,Signa HDxt,4.0,4.0,thick>3.2
472c96acf060,GE MEDICAL SYSTEMS,Signa HDxt,4.0,4.0,thick>3.2
5c2e424c224b,GE MEDICAL SYSTEMS,Signa HDxt,4.0,4.0,thick>3.2
240a73430f24,GE MEDICAL SYSTEMS,Signa HDxt,4.0,4.0,thick>3.2
59e96521a696,GE MEDICAL SYSTEMS,Signa HDxt,4.0,4.0,thick>3.2
0a7af4d6bc80,GE MEDICAL SYSTEMS,Signa HDxt,4.0,4.0,thick>3.2
e0913da9ede2,GE MEDICAL SYSTEMS,Signa HDxt,4.0,4.0,thick>3.2
712a448fe427,GE MEDICAL SYSTEMS,Signa HDxt,4.0,4.0,thick>3.2
75909ac349fc,GE MEDICAL SYSTEMS,Signa HDxt,4.0,4.0,thick>3.2
68cae51ddd75,GE MEDICAL SYSTEMS,Signa HDxt,4.0,4.0,thick>3.2
3456fd3f0c3b,GE MEDICAL SYSTEMS,Signa HDxt,4.0,4.0,thick>3.2
4f17de8ae4fa,SIEMENS,Skyra,1.5,1.5,thin<=2.0
1e2e6a8d379b,GE MEDICAL SYSTEMS,Signa HDxt,4.0,4.0,thick>3.2
4c391a112208,GE MEDICAL SYSTEMS,Signa HDxt,4.0,4.0,thick>3.2
9afef07c3a3d,GE MEDICAL SYSTEMS,Signa HDxt,4.0,4.0,thick>3.2
1060849daae4,GE MEDICAL SYSTEMS,Signa HDxt,4.0,4.0,thick>3.2
4b9b941ff06a,GE MEDICAL SYSTEMS,Signa HDxt,4.0,4.0,thick>3.2
63d9f9b5723e,SIEMENS,Skyra,1.5,1.5,thin<=2.0
993f0d9c09bd,SIEMENS,Verio,1.5,1.5,thin<=2.0
db8b5d41b78d,GE MEDICAL SYSTEMS,Signa HDxt,4.0,4.0,thick>3.2
b18ae157f91f,GE MEDICAL SYSTEMS,Signa HDxt,4.0,4.0,thick>3.2
06daabee2b08,GE MEDICAL SYSTEMS,Signa HDxt,4.0,4.0,thick>3.2
b219eee17d3b,GE MEDICAL SYSTEMS,Signa HDxt,4.0,4.0,thick>3.2
9deaeccc0aa7,SIEMENS,Skyra,1.5,1.5,thin<=2.0
a78d7e042a87,SIEMENS,Skyra,1.5,1.5,thin<=2.0
9ef4533f8a8c,SIEMENS,Skyra,1.5,1.5,thin<=2.0
3c74a3d4fb5c,GE MEDICAL SYSTEMS,Signa HDxt,4.0,4.0,thick>3.2
c5d685dfa87d,GE MEDICAL SYSTEMS,Signa HDxt,4.0,4.0,thick>3.2
4cc5e810952f,GE MEDICAL SYSTEMS,Signa HDxt,4.0,4.0,thick>3.2
194a513d5694,GE MEDICAL SYSTEMS,Signa HDxt,4.0,4.0,thick>3.2
e435ea59b581,GE MEDICAL SYSTEMS,Signa HDxt,4.0,4.0,thick>3.2
7318161f15f3,SIEMENS,Skyra,1.5,1.5,thin<=2.0
5d42ffb568e1,GE MEDICAL SYSTEMS,Signa HDxt,4.0,4.0,thick>3.2
5a340567d5f4,GE MEDICAL SYSTEMS,Signa HDxt,4.0,4.0,thick>3.2
2e8dd5b21e6e,SIEMENS,Verio,1.5,1.5,thin<=2.0
e19cc352b97d,GE MEDICAL SYSTEMS,Signa HDxt,4.0,4.0,thick>3.2
b8233a9b2ecf,GE MEDICAL SYSTEMS,Signa HDxt,4.0,4.0,thick>3.2
3120ae58b41d,GE MEDICAL SYSTEMS,Signa HDxt,4.0,4.0,thick>3.2
1d8e7cc35b4a,GE MEDICAL SYSTEMS,Signa HDxt,4.0,4.0,thick>3.2
744393931db6,GE MEDICAL SYSTEMS,Signa HDxt,4.0,4.0,thick>3.2
680494b566dd,GE MEDICAL SYSTEMS,Signa HDxt,4.0,4.0,thick>3.2
e5c026a13979,GE MEDICAL SYSTEMS,Signa HDxt,4.0,4.0,thick>3.2
4bc4fb5357b9,GE MEDICAL SYSTEMS,Signa HDxt,4.0,4.0,thick>3.2
f4d394dc9b6d,GE MEDICAL SYSTEMS,Signa HDxt,4.0,4.0,thick>3.2
1c09b8910531,SIEMENS,Skyra,1.5,1.5,thin<=2.0
4877757e440e,GE MEDICAL SYSTEMS,Signa HDxt,4.0,4.0,thick>3.2
67171ba5c18a,GE MEDICAL SYSTEMS,Signa HDxt,4.0,4.0,thick>3.2
bab1742fee45,GE MEDICAL SYSTEMS,Signa HDxt,4.0,4.0,thick>3.2
0b59f521ddbb,GE MEDICAL SYSTEMS,Signa HDxt,4.0,4.0,thick>3.2
a2187852359c,GE MEDICAL SYSTEMS,Signa HDxt,4.0,4.0,thick>3.2
e6155dabc47e,GE MEDICAL SYSTEMS,Signa HDxt,4.0,4.0,thick>3.2
ae85be5e882f,GE MEDICAL SYSTEMS,Signa HDxt,4.0,4.0,thick>3.2
4c9df5ef04de,GE MEDICAL SYSTEMS,Signa HDxt,4.0,4.0,thick>3.2
a8a4045622b3,GE MEDICAL SYSTEMS,Signa HDxt,4.0,4.0,thick>3.2
2a52a5cf75dd,GE MEDICAL SYSTEMS,Signa HDxt,4.0,4.0,thick>3.2
379b6b128121,GE MEDICAL SYSTEMS,Signa HDxt,4.0,4.0,thick>3.2
0d43bfd79fd4,GE MEDICAL SYSTEMS,Signa HDxt,4.0,4.0,thick>3.2
73e7c95aa9ac,GE MEDICAL SYSTEMS,Signa HDxt,4.0,4.0,thick>3.2
accf23b4c5c4,GE MEDICAL SYSTEMS,Signa HDxt,4.0,4.0,thick>3.2
130eea7aee58,SIEMENS,Verio,1.5,1.5,thin<=2.0
5fac4f2d08b5,GE MEDICAL SYSTEMS,Signa HDxt,4.0,4.0,thick>3.2
880801698c36,GE MEDICAL SYSTEMS,Signa HDxt,4.0,4.0,thick>3.2
3c9af3cd437c,GE MEDICAL SYSTEMS,Signa HDxt,4.0,4.0,thick>3.2
f2a102e31473,GE MEDICAL SYSTEMS,Signa HDxt,4.0,4.0,thick>3.2
9cd7522a8e8f,GE MEDICAL SYSTEMS,Signa HDxt,4.0,4.0,thick>3.2
3755e56cd416,GE MEDICAL SYSTEMS,Signa HDxt,4.0,4.0,thick>3.2
d80666bfd7f9,GE MEDICAL SYSTEMS,Signa HDxt,4.0,4.0,thick>3.2
678e56246fc1,GE MEDICAL SYSTEMS,Signa HDxt,3.5,3.5,thick>3.2
d5e1e99187e7,GE MEDICAL SYSTEMS,Signa HDxt,4.0,4.0,thick>3.2
10c3a9b1718e,GE MEDICAL SYSTEMS,Signa HDxt,4.0,4.0,thick>3.2
eb26207f2f2b,GE MEDICAL SYSTEMS,Signa HDxt,4.0,4.0,thick>3.2
167ed5cd7528,GE MEDICAL SYSTEMS,Signa HDxt,3.5,3.5,thick>3.2
443479ea1995,GE MEDICAL SYSTEMS,Signa HDxt,3.5,3.5,thick>3.2
265b29a0e389,GE MEDICAL SYSTEMS,Signa HDxt,4.0,4.0,thick>3.2
85c917e0ba4c,GE MEDICAL SYSTEMS,Signa HDxt,4.0,4.0,thick>3.2
6456b1fd5260,GE MEDICAL SYSTEMS,Signa HDxt,4.0,4.0,thick>3.2
51a16d1f4413,GE MEDICAL SYSTEMS,Signa HDxt,4.0,4.0,thick>3.2
6de768113ad2,GE MEDICAL SYSTEMS,Signa HDxt,4.0,4.0,thick>3.2
730479cef15b,GE MEDICAL SYSTEMS,Signa HDxt,4.0,4.0,thick>3.2
4f76946aa484,SIEMENS,Skyra,1.5,1.5,thin<=2.0
5e5fff21dc6a,GE MEDICAL SYSTEMS,Signa HDxt,4.0,4.0,thick>3.2
30381d5ad518,GE MEDICAL SYSTEMS,Signa HDxt,4.0,4.0,thick>3.2
7e909ea8ec6c,GE MEDICAL SYSTEMS,Signa HDxt,4.0,4.0,thick>3.2
2c2d18efa543,GE MEDICAL SYSTEMS,Signa HDxt,4.0,4.0,thick>3.2
7247d9dfc436,GE MEDICAL SYSTEMS,Signa HDxt,4.0,4.0,thick>3.2
e09c44adf166,GE MEDICAL SYSTEMS,Signa HDxt,4.0,4.0,thick>3.2
4012b43864a4,GE MEDICAL SYSTEMS,Signa HDxt,4.0,4.0,thick>3.2
1bbf540a4bee,GE MEDICAL SYSTEMS,Signa HDxt,4.0,4.0,thick>3.2
22aeaec8722a,GE MEDICAL SYSTEMS,Signa HDxt,4.0,4.0,thick>3.2
919f69d89523,GE MEDICAL SYSTEMS,Signa HDxt,4.0,4.0,thick>3.2
22a0a5ed6435,GE MEDICAL SYSTEMS,Signa HDxt,4.0,4.0,thick>3.2
6bd5f0a61c42,GE MEDICAL SYSTEMS,Signa HDxt,4.0,4.0,thick>3.2
e25c46aa5e49,SIEMENS,Verio,1.0,1.0,thin<=2.0
64ea39d2351b,SIEMENS,Verio,1.7,1.7,thin<=2.0
45ce1402bc74,GE MEDICAL SYSTEMS,Signa HDxt,4.0,4.0,thick>3.2
8ed74092713f,GE MEDICAL SYSTEMS,Signa HDxt,4.0,4.0,thick>3.2
8c1c9bc430ea,GE MEDICAL SYSTEMS,Signa HDxt,4.0,4.0,thick>3.2
7d793f395b9c,GE MEDICAL SYSTEMS,Signa HDxt,4.0,4.0,thick>3.2
f7c5374cfbdb,GE MEDICAL SYSTEMS,Signa HDxt,4.0,4.0,thick>3.2
14db286fe6b4,GE MEDICAL SYSTEMS,Signa HDxt,4.0,4.0,thick>3.2
60064c276361,GE MEDICAL SYSTEMS,Signa HDxt,4.0,4.0,thick>3.2
67718488630d,SIEMENS,Verio,1.14,1.14,thin<=2.0
9a88cf24a80a,GE MEDICAL SYSTEMS,Signa HDxt,4.0,4.0,thick>3.2
e633352d6362,GE MEDICAL SYSTEMS,Signa HDxt,4.0,4.0,thick>3.2
c79400fbab29,SIEMENS,Verio,1.33,1.33,thin<=2.0
76a7a54f9769,GE MEDICAL SYSTEMS,Signa HDxt,4.0,4.0,thick>3.2
766b896abf7b,SIEMENS,Skyra,1.5,1.5,thin<=2.0
6c6c3cd3742e,SIEMENS,Verio,1.0,1.0,thin<=2.0
fea5e3647d17,SIEMENS,Verio,1.0,1.0,thin<=2.0
1f6d5ab7c389,GE MEDICAL SYSTEMS,Signa HDxt,4.0,4.0,thick>3.2
d65142bb1c19,SIEMENS,Verio,1.37,1.37,thin<=2.0
63c0bf5d1072,GE MEDICAL SYSTEMS,Signa HDxt,4.0,4.0,thick>3.2
829eb53a11a8,GE MEDICAL SYSTEMS,Signa HDxt,4.0,4.0,thick>3.2
8771d44c59df,GE MEDICAL SYSTEMS,Signa HDxt,4.0,4.0,thick>3.2
d7186200417f,SIEMENS,Verio,1.34,1.34,thin<=2.0
85147c879e66,GE MEDICAL SYSTEMS,Signa HDxt,4.0,4.0,thick>3.2
65e59fef8864,GE MEDICAL SYSTEMS,Signa HDxt,4.0,4.0,thick>3.2
a8bfe2ba043f,GE MEDICAL SYSTEMS,Signa HDxt,4.0,4.0,thick>3.2
5da72e23e35c,GE MEDICAL SYSTEMS,Signa HDxt,4.0,4.0,thick>3.2
48466eadb336,GE MEDICAL SYSTEMS,Signa HDxt,4.0,4.0,thick>3.2
04dabc36c348,GE MEDICAL SYSTEMS,Signa HDxt,3.5,3.5,thick>3.2
f5fcd48e596d,GE MEDICAL SYSTEMS,Signa HDxt,4.0,4.0,thick>3.2
1e8db4ae0f74,SIEMENS,Skyra,1.53,1.53,thin<=2.0
a96f05d7a5b9,SIEMENS,Verio,1.0,1.0,thin<=2.0
f83107993ef2,SIEMENS,Skyra,2.05,2.05,mid2.0-3.2
532c02a10efb,SIEMENS,Skyra,1.5,1.5,thin<=2.0
acce6a7dd443,SIEMENS,Verio,1.0,1.0,thin<=2.0
77176e1087f2,GE MEDICAL SYSTEMS,Signa HDxt,4.0,4.0,thick>3.2
99ef3f590c66,SIEMENS,Verio,1.0,1.0,thin<=2.0
682512eb2fc0,GE MEDICAL SYSTEMS,Signa HDxt,4.0,4.0,thick>3.2
9d97500af9c4,GE MEDICAL SYSTEMS,Signa HDxt,4.0,4.0,thick>3.2
debe4479d1ca,GE MEDICAL SYSTEMS,Signa HDxt,4.0,4.0,thick>3.2
c846d8ca2e13,GE MEDICAL SYSTEMS,Signa HDxt,4.0,4.0,thick>3.2
3689e3f5eeb8,SIEMENS,Skyra,1.5,1.5,thin<=2.0
d6e3182dc762,GE MEDICAL SYSTEMS,Signa HDxt,4.0,4.0,thick>3.2
b00d9e6ee071,GE MEDICAL SYSTEMS,Signa HDxt,4.0,4.0,thick>3.2
f519f96fde39,GE MEDICAL SYSTEMS,Signa HDxt,4.0,4.0,thick>3.2
427ac9d4bdfe,GE MEDICAL SYSTEMS,Signa HDxt,4.0,4.0,thick>3.2
302688160f8e,GE MEDICAL SYSTEMS,Signa HDxt,4.0,4.0,thick>3.2
ae04fc7d6166,GE MEDICAL SYSTEMS,Signa HDxt,4.0,4.0,thick>3.2
6a0cbd554b3e,GE MEDICAL SYSTEMS,Signa HDxt,4.0,4.0,thick>3.2
71b0e19aaf7c,SIEMENS,Verio,1.45,1.45,thin<=2.0
c000c3972918,SIEMENS,Verio,1.31,1.31,thin<=2.0
cb2f867c30ba,GE MEDICAL SYSTEMS,Signa HDxt,4.0,4.0,thick>3.2
2ce365673835,GE MEDICAL SYSTEMS,Signa HDxt,4.0,4.0,thick>3.2
dc59819cd397,GE MEDICAL SYSTEMS,Signa HDxt,4.0,4.0,thick>3.2
34e754db9d89,SIEMENS,Verio,1.26,1.26,thin<=2.0
3073bd8e3bdc,GE MEDICAL SYSTEMS,Signa HDxt,4.0,4.0,thick>3.2
2b5d7bb5ede0,GE MEDICAL SYSTEMS,Signa HDxt,4.0,4.0,thick>3.2
0e1f96e23f50,GE MEDICAL SYSTEMS,Signa HDxt,4.0,4.0,thick>3.2
3d342e771655,GE MEDICAL SYSTEMS,Signa HDxt,4.0,4.0,thick>3.2
12df834faf18,GE MEDICAL SYSTEMS,Signa HDxt,4.0,4.0,thick>3.2
b805137b19bd,GE MEDICAL SYSTEMS,Signa HDxt,4.0,4.0,thick>3.2
3fe6d62955cd,GE MEDICAL SYSTEMS,Signa HDxt,4.0,4.0,thick>3.2
49af6f5e5d8e,GE MEDICAL SYSTEMS,Signa HDxt,4.0,4.0,thick>3.2
be27c00b389c,GE MEDICAL SYSTEMS,Signa HDxt,4.0,4.0,thick>3.2
3981e50c1d6f,GE MEDICAL SYSTEMS,Signa HDxt,4.0,4.0,thick>3.2
19ad2f71e80d,SIEMENS,Verio,1.5,1.5,thin<=2.0
54f4e61cca06,GE MEDICAL SYSTEMS,Signa HDxt,4.0,4.0,thick>3.2
53b6930ad6c3,GE MEDICAL SYSTEMS,Signa HDxt,4.0,4.0,thick>3.2
9ca943593b1f,SIEMENS,Verio,1.5,1.5,thin<=2.0
80ec28a5bc23,GE MEDICAL SYSTEMS,Signa HDxt,4.0,4.0,thick>3.2
5d0c9d113bff,SIEMENS,Skyra,1.5,1.5,thin<=2.0
2397fd599456,GE MEDICAL SYSTEMS,Signa HDxt,4.0,4.0,thick>3.2
a1b4fb219a53,SIEMENS,Verio,1.5,1.5,thin<=2.0
49b2b1981cbf,SIEMENS,Verio,1.5,1.5,thin<=2.0
013e2558149a,SIEMENS,Verio,1.5,1.5,thin<=2.0
96dcbd9d355a,GE MEDICAL SYSTEMS,Signa HDxt,4.0,4.0,thick>3.2
86d8f4d131e6,GE MEDICAL SYSTEMS,Signa HDxt,4.0,4.0,thick>3.2
7f8a49a1c0b5,GE MEDICAL SYSTEMS,Signa HDxt,4.0,4.0,thick>3.2
f5f2e4dda0ef,SIEMENS,Verio,1.58,1.58,thin<=2.0
77870f7984c7,SIEMENS,Skyra,1.5,1.5,thin<=2.0
77108c0d2a46,GE MEDICAL SYSTEMS,Signa HDxt,4.0,4.0,thick>3.2
2a7ebe51214b,GE MEDICAL SYSTEMS,Signa HDxt,4.0,4.0,thick>3.2
29b9c679386e,GE MEDICAL SYSTEMS,Signa HDxt,4.0,4.0,thick>3.2
0ec8abda4576,GE MEDICAL SYSTEMS,Signa HDxt,4.0,4.0,thick>3.2
5f41ca684e0e,GE MEDICAL SYSTEMS,Signa HDxt,4.0,4.0,thick>3.2
af2b379334c0,GE MEDICAL SYSTEMS,Signa HDxt,4.0,4.0,thick>3.2
cbf5eba51b57,GE MEDICAL SYSTEMS,Signa HDxt,4.0,4.0,thick>3.2
4a2fce9a0860,SIEMENS,Skyra,1.5,1.5,thin<=2.0
f88219e8f4d2,GE MEDICAL SYSTEMS,Signa HDxt,4.0,4.0,thick>3.2
e281f9e71901,GE MEDICAL SYSTEMS,Signa HDxt,4.0,4.0,thick>3.2
752ca3b9dc20,GE MEDICAL SYSTEMS,Signa HDxt,4.0,4.0,thick>3.2
78bb48e65ba2,GE MEDICAL SYSTEMS,Signa HDxt,4.0,4.0,thick>3.2
913037d873ff,SIEMENS,Verio,1.5,1.5,thin<=2.0
f565a0813666,GE MEDICAL SYSTEMS,Signa HDxt,4.0,4.0,thick>3.2
cc352e104cab,GE MEDICAL SYSTEMS,Signa HDxt,4.0,4.0,thick>3.2
e6c17626069b,GE MEDICAL SYSTEMS,Signa HDxt,4.0,4.0,thick>3.2
2d366fb3578b,GE MEDICAL SYSTEMS,Signa HDxt,4.0,4.0,thick>3.2
6ec13b8472bf,GE MEDICAL SYSTEMS,Signa HDxt,4.0,4.0,thick>3.2
fad52eb1d591,SIEMENS,Verio,1.59,1.59,thin<=2.0
6672d097965a,GE MEDICAL SYSTEMS,Signa HDxt,4.0,4.0,thick>3.2
e8a3f2c35c3b,GE MEDICAL SYSTEMS,Signa HDxt,4.0,4.0,thick>3.2
299a05147a0b,SIEMENS,Skyra,1.5,1.5,thin<=2.0
0e4f13c4dd77,GE MEDICAL SYSTEMS,Signa HDxt,4.0,4.0,thick>3.2
7f85d4c8f057,GE MEDICAL SYSTEMS,Signa HDxt,4.0,4.0,thick>3.2
9cf3175fb614,GE MEDICAL SYSTEMS,Signa HDxt,4.0,4.0,thick>3.2
dda24165b72a,GE MEDICAL SYSTEMS,Signa HDxt,4.0,4.0,thick>3.2
d14ac164724b,GE MEDICAL SYSTEMS,Signa HDxt,4.0,4.0,thick>3.2
96b7f5f59742,SIEMENS,Skyra,1.5,1.5,thin<=2.0
0189948091e6,GE MEDICAL SYSTEMS,Signa HDxt,4.0,4.0,thick>3.2
9bb03eb2a306,GE MEDICAL SYSTEMS,Signa HDxt,4.0,4.0,thick>3.2
a2df40604a14,SIEMENS,Skyra,1.5,1.5,thin<=2.0
9118b53e39d6,GE MEDICAL SYSTEMS,Signa HDxt,4.0,4.0,thick>3.2
260887f3ce17,GE MEDICAL SYSTEMS,Signa HDxt,4.0,4.0,thick>3.2
88a223d51e94,SIEMENS,Skyra,1.5,1.5,thin<=2.0
4e8d17fd4eae,GE MEDICAL SYSTEMS,Signa HDxt,4.0,4.0,thick>3.2
92ec214c9e08,GE MEDICAL SYSTEMS,Signa HDxt,4.0,4.0,thick>3.2
252dfd30060b,GE MEDICAL SYSTEMS,Signa HDxt,4.0,4.0,thick>3.2
1b99c9d28836,SIEMENS,Verio,1.5,1.5,thin<=2.0
70ebca96e66d,GE MEDICAL SYSTEMS,Signa HDxt,4.0,4.0,thick>3.2
e6ff49be4c2e,GE MEDICAL SYSTEMS,Signa HDxt,4.0,4.0,thick>3.2
3ad084181c5f,GE MEDICAL SYSTEMS,Signa HDxt,4.0,4.0,thick>3.2
f28a51f8fa76,GE MEDICAL SYSTEMS,Signa HDxt,4.0,4.0,thick>3.2
18aeb420c181,GE MEDICAL SYSTEMS,Signa HDxt,4.0,4.0,thick>3.2
941ee7744483,GE MEDICAL SYSTEMS,Signa HDxt,4.0,4.0,thick>3.2
14b557bbd70f,GE MEDICAL SYSTEMS,Signa HDxt,4.0,4.0,thick>3.2
213290fcc4a0,GE MEDICAL SYSTEMS,Signa HDxt,4.0,4.0,thick>3.2
0962e3dbb93d,GE MEDICAL SYSTEMS,Signa HDxt,4.0,4.0,thick>3.2
586e84dd109e,SIEMENS,Verio,1.5,1.5,thin<=2.0
e9b4752a2255,SIEMENS,Skyra,1.5,1.5,thin<=2.0
c3eb8bc3ac0a,SIEMENS,Skyra,1.5,1.5,thin<=2.0
f487038e03a6,SIEMENS,Skyra,1.5,1.5,thin<=2.0
06a1aa81c02b,GE MEDICAL SYSTEMS,Signa HDxt,4.0,4.0,thick>3.2
2840f720bbdf,GE MEDICAL SYSTEMS,Signa HDxt,4.0,4.0,thick>3.2
8a82bf3c5b2b,GE MEDICAL SYSTEMS,Signa HDxt,4.0,4.0,thick>3.2
0fe1dbded3c1,SIEMENS,Verio,1.5,1.5,thin<=2.0
7e1b746af350,GE MEDICAL SYSTEMS,Signa HDxt,1.5,1.5,thin<=2.0
de3102a6390d,SIEMENS,Skyra,1.5,1.5,thin<=2.0
9990558acb52,GE MEDICAL SYSTEMS,Signa HDxt,4.0,4.0,thick>3.2
c4fc7f131279,GE MEDICAL SYSTEMS,Signa HDxt,4.0,4.0,thick>3.2
c6c49395b108,SIEMENS,Verio,1.5,1.5,thin<=2.0
c4dfd1841ec4,SIEMENS,Skyra,1.5,1.5,thin<=2.0
2c1af07ab1ae,GE MEDICAL SYSTEMS,SIGNA Pioneer,3.3,3.3,thick>3.2
58247b9fc97d,GE MEDICAL SYSTEMS,Signa HDxt,1.5,1.5,thin<=2.0
00bf6deb8d09,SIEMENS,Skyra,1.5,1.5,thin<=2.0
17af8f058f53,GE MEDICAL SYSTEMS,Signa HDxt,1.5,1.5,thin<=2.0
fc0654e695a1,GE MEDICAL SYSTEMS,Signa HDxt,1.5,1.5,thin<=2.0
be881ffce88c,GE MEDICAL SYSTEMS,SIGNA Pioneer,3.3,3.3,thick>3.2
35402e139d2f,GE MEDICAL SYSTEMS,Signa HDxt,1.5,1.5,thin<=2.0
c2442dbcbd3c,SIEMENS,Skyra,1.5,1.5,thin<=2.0
d70442e74cb2,GE MEDICAL SYSTEMS,Signa HDxt,1.5,1.5,thin<=2.0
a473989d7daa,GE MEDICAL SYSTEMS,SIGNA Pioneer,3.3,3.3,thick>3.2
83e83043d50e,GE MEDICAL SYSTEMS,Signa HDxt,1.5,1.5,thin<=2.0
7e499d763ef9,GE MEDICAL SYSTEMS,SIGNA Pioneer,3.3,3.3,thick>3.2
ea91d985804e,GE MEDICAL SYSTEMS,SIGNA Pioneer,3.3,3.3,thick>3.2
287ec231f7d1,GE MEDICAL SYSTEMS,Signa HDxt,1.5,1.5,thin<=2.0
2334f6e38a89,SIEMENS,Verio,1.5,1.5,thin<=2.0
c630b929e9ed,GE MEDICAL SYSTEMS,SIGNA Pioneer,3.3,3.3,thick>3.2
04cd2d37e5ac,GE MEDICAL SYSTEMS,Signa HDxt,1.5,1.5,thin<=2.0
a60277e05109,GE MEDICAL SYSTEMS,SIGNA Pioneer,3.3,3.3,thick>3.2
8c021b7ddc4a,SIEMENS,Skyra,1.5,1.5,thin<=2.0
4141e1a580dd,GE MEDICAL SYSTEMS,SIGNA Architect,4.0,4.0,thick>3.2
890e979a7bc1,SIEMENS,Skyra,1.5,1.5,thin<=2.0
6745af0271cb,SIEMENS,Verio,1.5,1.5,thin<=2.0
4f46b0d46a4a,SIEMENS,Verio,1.5,1.5,thin<=2.0
ffa94886ea7d,GE MEDICAL SYSTEMS,SIGNA Pioneer,3.3,3.3,thick>3.2
6ba9c6b54ef7,SIEMENS,Skyra,1.5,1.5,thin<=2.0
a5bb1d1c44b5,SIEMENS,Verio,1.5,1.5,thin<=2.0
c0d757d282a5,SIEMENS,Prisma,3.5,3.5,thick>3.2
5f6138de5ad4,SIEMENS,Verio,1.5,1.5,thin<=2.0
fda8c174d332,GE MEDICAL SYSTEMS,SIGNA Architect,4.0,4.0,thick>3.2
1d270d59f615,GE MEDICAL SYSTEMS,SIGNA Architect,4.0,4.0,thick>3.2
3aa8860e640f,SIEMENS,Skyra,1.5,1.5,thin<=2.0
e2f0c0e8cf0f,GE MEDICAL SYSTEMS,SIGNA Pioneer,3.3,3.3,thick>3.2
34c0455358c4,GE MEDICAL SYSTEMS,SIGNA Pioneer,3.3,3.3,thick>3.2
3a9032f61e6c,SIEMENS,Prisma,1.5,1.5,thin<=2.0
036d20903cbb,SIEMENS,Skyra,1.5,1.5,thin<=2.0
13325c0866c6,GE MEDICAL SYSTEMS,SIGNA Pioneer,3.3,3.3,thick>3.2
3f181b97e560,GE MEDICAL SYSTEMS,SIGNA Pioneer,3.3,3.3,thick>3.2
4bbf17228c50,SIEMENS,Prisma,1.5,1.5,thin<=2.0
99bcf65667e3,GE MEDICAL SYSTEMS,SIGNA Architect,3.0,3.0,mid2.0-3.2
53182235e4d6,SIEMENS,Skyra,1.5,1.5,thin<=2.0
0d833719775a,SIEMENS,Prisma,1.5,1.5,thin<=2.0
fb273dc29fb2,GE MEDICAL SYSTEMS,SIGNA Architect,4.0,4.0,thick>3.2
9261a4fe3331,SIEMENS,Skyra,1.5,1.5,thin<=2.0
2c769592bb5c,GE MEDICAL SYSTEMS,Signa HDxt,4.0,4.0,thick>3.2
7c209373eb5c,GE MEDICAL SYSTEMS,Signa HDxt,4.0,4.0,thick>3.2
606c6aea331a,GE MEDICAL SYSTEMS,Signa HDxt,4.0,4.0,thick>3.2
ad2fd5463f69,GE MEDICAL SYSTEMS,Signa HDxt,4.0,4.0,thick>3.2
8cbb2faf6d46,GE MEDICAL SYSTEMS,Signa HDxt,4.0,4.0,thick>3.2
954c32268cc5,SIEMENS,Skyra,1.5,1.5,thin<=2.0
9b7f60148bb9,SIEMENS,Skyra,1.5,1.5,thin<=2.0
4bb060fff34b,GE MEDICAL SYSTEMS,Signa HDxt,4.0,4.0,thick>3.2
b3ab6eeed5a1,SIEMENS,Skyra,1.5,1.5,thin<=2.0
3f15c84c5d1c,GE MEDICAL SYSTEMS,Signa HDxt,4.0,4.0,thick>3.2
8caf0df3562a,GE MEDICAL SYSTEMS,Signa HDxt,4.0,4.0,thick>3.2
6ebcc14a94ea,GE MEDICAL SYSTEMS,SIGNA Pioneer,3.3,3.3,thick>3.2
89829364c9df,GE MEDICAL SYSTEMS,Signa HDxt,4.0,4.0,thick>3.2
28a362191c73,SIEMENS,Skyra,1.5,1.5,thin<=2.0
fae7039a9af2,GE MEDICAL SYSTEMS,SIGNA Pioneer,3.3,3.3,thick>3.2
f883c131c228,GE MEDICAL SYSTEMS,SIGNA Pioneer,3.3,3.3,thick>3.2
79a23af160df,GE MEDICAL SYSTEMS,Signa HDxt,4.0,4.0,thick>3.2
e51f80c42fa1,SIEMENS,Skyra,1.5,1.5,thin<=2.0
5fb674662421,SIEMENS,Skyra,1.5,1.5,thin<=2.0
5f971c289c37,GE MEDICAL SYSTEMS,Signa HDxt,4.0,4.0,thick>3.2
08b22ebf5448,GE MEDICAL SYSTEMS,SIGNA Pioneer,3.3,3.3,thick>3.2
42752328ee57,GE MEDICAL SYSTEMS,Signa HDxt,4.0,4.0,thick>3.2
8496a14dbb57,SIEMENS,Skyra,1.5,1.5,thin<=2.0
a303eba8cf9a,GE MEDICAL SYSTEMS,SIGNA Pioneer,3.3,3.3,thick>3.2
2e4b11cff9f3,SIEMENS,Verio,1.5,1.5,thin<=2.0
d78f98b972a2,GE MEDICAL SYSTEMS,SIGNA Pioneer,3.3,3.3,thick>3.2
dc6e2c2f6051,SIEMENS,Verio,1.5,1.5,thin<=2.0
e063afe325b5,GE MEDICAL SYSTEMS,Signa HDxt,1.5,1.5,thin<=2.0
b90b1fe224ae,SIEMENS,Verio,1.5,1.5,thin<=2.0
445830781e67,SIEMENS,Verio,1.5,1.5,thin<=2.0
75d89d06a911,SIEMENS,Verio,1.5,1.5,thin<=2.0
dc9aceb837ce,SIEMENS,Skyra,1.5,1.5,thin<=2.0
28352e4365d5,SIEMENS,Verio,1.5,1.5,thin<=2.0
34fb40629d5e,SIEMENS,Skyra,1.5,1.5,thin<=2.0
116ef3673bfa,SIEMENS,Skyra,1.5,1.5,thin<=2.0
36f94792435b,GE MEDICAL SYSTEMS,Signa HDxt,1.5,1.5,thin<=2.0
d3dfd037d387,GE MEDICAL SYSTEMS,Signa HDxt,2.0,2.0,thin<=2.0
c3d314dc8cc5,GE MEDICAL SYSTEMS,SIGNA Pioneer,3.3,3.3,thick>3.2
15cefa637350,GE MEDICAL SYSTEMS,Signa HDxt,1.5,1.5,thin<=2.0
9c112b607f96,GE MEDICAL SYSTEMS,SIGNA Pioneer,3.3,3.3,thick>3.2
1daa07342339,GE MEDICAL SYSTEMS,Signa HDxt,1.5,1.5,thin<=2.0
dbf7cd5332b0,GE MEDICAL SYSTEMS,SIGNA Pioneer,3.3,3.3,thick>3.2
6542a0e63b91,GE MEDICAL SYSTEMS,Signa HDxt,1.5,1.5,thin<=2.0
e8ee5a728c3d,GE MEDICAL SYSTEMS,Signa HDxt,1.5,1.5,thin<=2.0
643c6f33eba4,GE MEDICAL SYSTEMS,Signa HDxt,1.5,1.5,thin<=2.0
eeff1a96a1e7,GE MEDICAL SYSTEMS,Signa HDxt,1.5,1.5,thin<=2.0
4c02841fcb54,GE MEDICAL SYSTEMS,SIGNA Pioneer,3.3,3.3,thick>3.2
a2225ee1c447,GE MEDICAL SYSTEMS,Signa HDxt,1.5,1.5,thin<=2.0
f3fa141a80b6,SIEMENS,Skyra,1.5,1.5,thin<=2.0
51f02afc1803,GE MEDICAL SYSTEMS,Signa HDxt,1.5,1.5,thin<=2.0
f6a73a4b5225,GE MEDICAL SYSTEMS,Signa HDxt,1.5,1.5,thin<=2.0
1bb565690522,GE MEDICAL SYSTEMS,Signa HDxt,1.5,1.5,thin<=2.0
41df87e17c38,GE MEDICAL SYSTEMS,SIGNA Pioneer,3.3,3.3,thick>3.2
7e9e42832ae2,GE MEDICAL SYSTEMS,Signa HDxt,1.5,1.5,thin<=2.0
d4311e8cc1f4,GE MEDICAL SYSTEMS,Signa HDxt,1.5,1.5,thin<=2.0
f0df94ad19eb,GE MEDICAL SYSTEMS,SIGNA Pioneer,3.3,3.3,thick>3.2
b5ffe604915b,GE MEDICAL SYSTEMS,Signa HDxt,1.5,1.5,thin<=2.0
6272af0a72a8,GE MEDICAL SYSTEMS,Signa HDxt,1.5,1.5,thin<=2.0
30a830b5516f,GE MEDICAL SYSTEMS,SIGNA Pioneer,3.3,3.3,thick>3.2
5a55c0c18725,GE MEDICAL SYSTEMS,Signa HDxt,1.5,1.5,thin<=2.0
76f9fd6d4d5f,GE MEDICAL SYSTEMS,SIGNA Pioneer,3.3,3.3,thick>3.2
f7028f8c4768,SIEMENS,Verio,1.5,1.5,thin<=2.0
58ede48e08d5,GE MEDICAL SYSTEMS,Signa HDxt,1.5,1.5,thin<=2.0
112fb6c58d5e,SIEMENS,Verio,1.5,1.5,thin<=2.0
b7c28f32dfe5,GE MEDICAL SYSTEMS,SIGNA Pioneer,3.3,3.3,thick>3.2
1da44a865cdf,GE MEDICAL SYSTEMS,Signa HDxt,1.5,1.5,thin<=2.0
8663b350ee16,SIEMENS,Verio,1.5,1.5,thin<=2.0
305c362c6588,SIEMENS,Skyra,1.5,1.5,thin<=2.0
0dded0575b1e,GE MEDICAL SYSTEMS,SIGNA Pioneer,3.3,3.3,thick>3.2
81860e31cf35,SIEMENS,Skyra,1.5,1.5,thin<=2.0
50d97cbfff32,SIEMENS,Skyra,1.5,1.5,thin<=2.0
d7a5a8eb6564,SIEMENS,Skyra,1.5,1.5,thin<=2.0
21a6505ace13,GE MEDICAL SYSTEMS,SIGNA Pioneer,3.3,3.3,thick>3.2
9f8d0163233f,GE MEDICAL SYSTEMS,SIGNA Pioneer,3.3,3.3,thick>3.2
e6bbbaf6c19f,SIEMENS,Skyra,1.5,1.5,thin<=2.0
e4e8dfd1da0b,SIEMENS,Verio,1.5,1.5,thin<=2.0
d5db63290759,SIEMENS,Verio,1.5,1.5,thin<=2.0
467502196516,GE MEDICAL SYSTEMS,Signa HDxt,1.5,1.5,thin<=2.0
601fa8182c37,GE MEDICAL SYSTEMS,Signa HDxt,1.5,1.5,thin<=2.0
f437c6754d64,SIEMENS,Verio,1.5,1.5,thin<=2.0
b43979c6f533,GE MEDICAL SYSTEMS,SIGNA Pioneer,3.3,3.3,thick>3.2
ccf97819c15f,SIEMENS,Skyra,1.5,1.5,thin<=2.0
06a1e70611b2,SIEMENS,Skyra,1.5,1.5,thin<=2.0
fcfd28f7fe28,SIEMENS,Verio,1.5,1.5,thin<=2.0
ad5231b60a36,SIEMENS,Verio,1.5,1.5,thin<=2.0
cfdefc623c00,GE MEDICAL SYSTEMS,SIGNA Pioneer,3.3,3.3,thick>3.2
4c14e80c7586,SIEMENS,Verio,1.5,1.5,thin<=2.0
ebd08c8cfeac,GE MEDICAL SYSTEMS,SIGNA Pioneer,3.3,3.3,thick>3.2
02eaf1092bee,SIEMENS,Skyra,1.5,1.5,thin<=2.0
5b88da572f95,GE MEDICAL SYSTEMS,SIGNA Architect,4.0,4.0,thick>3.2
a093146e4d24,SIEMENS,Verio,1.5,1.5,thin<=2.0
5778e6cb61ff,SIEMENS,Skyra,1.5,1.5,thin<=2.0
b7b50e59d4ca,SIEMENS,Skyra,1.5,1.5,thin<=2.0
9f800039e5e1,SIEMENS,Skyra,1.5,1.5,thin<=2.0
85e19a802868,SIEMENS,Skyra,1.5,1.5,thin<=2.0
e38210b3126c,GE MEDICAL SYSTEMS,SIGNA Pioneer,3.3,3.3,thick>3.2
5eea7feed281,SIEMENS,Skyra,1.5,1.5,thin<=2.0
e989abbf36d8,SIEMENS,Verio,1.5,1.5,thin<=2.0
1cd6eb490096,GE MEDICAL SYSTEMS,SIGNA Pioneer,3.3,3.3,thick>3.2
01808642f844,SIEMENS,Skyra,1.5,1.5,thin<=2.0
a191863396f3,SIEMENS,Prisma,1.5,1.5,thin<=2.0
15a09dda38e0,GE MEDICAL SYSTEMS,SIGNA Architect,4.0,4.0,thick>3.2
4116b6fd4742,GE MEDICAL SYSTEMS,SIGNA Architect,4.0,4.0,thick>3.2
08a7e0626868,SIEMENS,Prisma,1.5,1.5,thin<=2.0
39c7430a79f2,GE MEDICAL SYSTEMS,SIGNA Pioneer,3.3,3.3,thick>3.2
5adbc72b4704,GE MEDICAL SYSTEMS,SIGNA Architect,4.0,4.0,thick>3.2
60a6b7f94c56,SIEMENS,Prisma,1.5,1.5,thin<=2.0
c9f0be726f2a,GE MEDICAL SYSTEMS,SIGNA Pioneer,3.3,3.3,thick>3.2
5c66eb9daee0,GE MEDICAL SYSTEMS,SIGNA Pioneer,3.3,3.3,thick>3.2
1a76fcaf98fe,GE MEDICAL SYSTEMS,SIGNA Pioneer,3.3,3.3,thick>3.2
2a97283a6314,GE MEDICAL SYSTEMS,SIGNA Architect,3.0,3.0,mid2.0-3.2
7eba69717fb9,GE MEDICAL SYSTEMS,SIGNA Architect,3.0,3.0,mid2.0-3.2
34c3b2365896,SIEMENS,Skyra,1.5,1.5,thin<=2.0
dbccb6b7ea0a,GE MEDICAL SYSTEMS,SIGNA Architect,3.0,3.0,mid2.0-3.2
9e131cf6da2d,GE MEDICAL SYSTEMS,SIGNA Pioneer,3.3,3.3,thick>3.2
575269803635,SIEMENS,Skyra,1.5,1.5,thin<=2.0
b619abbd5eb8,SIEMENS,Verio,1.5,1.5,thin<=2.0
0091767fe390,SIEMENS,Skyra,1.5,1.5,thin<=2.0
bbf745b38dff,SIEMENS,Skyra,1.5,1.5,thin<=2.0
a640c1830874,SIEMENS,Skyra,1.5,1.5,thin<=2.0
087fe7982a43,SIEMENS,Verio,1.5,1.5,thin<=2.0
2444d3e3120f,SIEMENS,Skyra,1.5,1.5,thin<=2.0
903c1ba43b74,SIEMENS,Skyra,1.5,1.5,thin<=2.0
a738e1815315,SIEMENS,Skyra,1.5,1.5,thin<=2.0
fd757a11b021,GE MEDICAL SYSTEMS,SIGNA Pioneer,3.3,3.3,thick>3.2
b48d416bbfea,GE MEDICAL SYSTEMS,SIGNA Pioneer,3.3,3.3,thick>3.2
72f0e217ddfe,GE MEDICAL SYSTEMS,SIGNA Architect,4.0,4.0,thick>3.2
9b204e2097f4,SIEMENS,Prisma,1.5,1.5,thin<=2.0
4a2f7c9505c6,GE MEDICAL SYSTEMS,SIGNA Pioneer,3.3,3.3,thick>3.2
3c63f525b345,GE MEDICAL SYSTEMS,SIGNA Architect,4.0,4.0,thick>3.2
6cb6ebf3219b,GE MEDICAL SYSTEMS,SIGNA Pioneer,3.3,3.3,thick>3.2
943f878c20de,GE MEDICAL SYSTEMS,SIGNA Pioneer,3.3,3.3,thick>3.2
6a3b92c6de41,SIEMENS,Skyra,1.5,1.5,thin<=2.0
e266e5213aec,SIEMENS,Skyra,1.5,1.5,thin<=2.0
4326875b7d23,SIEMENS,Skyra,1.5,1.5,thin<=2.0
3f6fe7a866e0,SIEMENS,Skyra,1.5,1.5,thin<=2.0
cd59e73c73b3,SIEMENS,Prisma,1.5,1.5,thin<=2.0
21b9a2f10489,SIEMENS,Prisma,1.5,1.5,thin<=2.0
1b76dc107cbb,SIEMENS,Skyra,1.5,1.5,thin<=2.0
43c14335a622,GE MEDICAL SYSTEMS,SIGNA Architect,3.0,3.0,mid2.0-3.2
cf27ac90f118,GE MEDICAL SYSTEMS,Signa HDxt,1.5,1.5,thin<=2.0
f34f610570dc,GE MEDICAL SYSTEMS,Signa HDxt,1.5,1.5,thin<=2.0
9efe7c38d921,GE MEDICAL SYSTEMS,Signa HDxt,1.5,1.5,thin<=2.0
c0ef5c57da13,GE MEDICAL SYSTEMS,Signa HDxt,4.0,4.0,thick>3.2
34aa3929a491,GE MEDICAL SYSTEMS,Signa HDxt,4.0,4.0,thick>3.2
653b3a54e6eb,GE MEDICAL SYSTEMS,SIGNA Pioneer,3.3,3.3,thick>3.2
8335a3656e06,GE MEDICAL SYSTEMS,SIGNA Pioneer,3.3,3.3,thick>3.2
c88d90abef4f,GE MEDICAL SYSTEMS,SIGNA Pioneer,3.3,3.3,thick>3.2
b1797f4b969d,SIEMENS,Skyra,1.5,1.5,thin<=2.0
3515a658a74d,GE MEDICAL SYSTEMS,Signa HDxt,4.0,4.0,thick>3.2
acc2a244c279,GE MEDICAL SYSTEMS,Signa HDxt,4.0,4.0,thick>3.2
cbfd68c46eec,GE MEDICAL SYSTEMS,Signa HDxt,4.0,4.0,thick>3.2
e1c630f905ea,SIEMENS,Skyra,1.5,1.5,thin<=2.0
cc61a294a750,GE MEDICAL SYSTEMS,SIGNA Pioneer,3.3,3.3,thick>3.2
7e0f6d2817eb,GE MEDICAL SYSTEMS,SIGNA Pioneer,3.3,3.3,thick>3.2
398e1080e51f,GE MEDICAL SYSTEMS,Signa HDxt,4.0,4.0,thick>3.2
fe628a0311a9,GE MEDICAL SYSTEMS,Signa HDxt,4.0,4.0,thick>3.2
9ee176d7170e,GE MEDICAL SYSTEMS,Signa HDxt,4.0,4.0,thick>3.2
0e63a4f42ee9,GE MEDICAL SYSTEMS,SIGNA Pioneer,3.3,3.3,thick>3.2
336270f2d941,GE MEDICAL SYSTEMS,SIGNA Pioneer,3.3,3.3,thick>3.2
b5d1b2468e0e,GE MEDICAL SYSTEMS,Signa HDxt,4.0,4.0,thick>3.2
ac1be668c7c8,GE MEDICAL SYSTEMS,Signa HDxt,4.0,4.0,thick>3.2
0556f56699c9,GE MEDICAL SYSTEMS,SIGNA Pioneer,3.3,3.3,thick>3.2
559d763808c7,SIEMENS,Skyra,1.5,1.5,thin<=2.0
a58838a4c8d5,GE MEDICAL SYSTEMS,Signa HDxt,4.0,4.0,thick>3.2
aeeb40cf9da8,SIEMENS,Verio,1.5,1.5,thin<=2.0
47af26708883,GE MEDICAL SYSTEMS,Signa HDxt,4.0,4.0,thick>3.2
ed6a01fa6535,GE MEDICAL SYSTEMS,SIGNA Pioneer,3.3,3.3,thick>3.2
bf7953e49411,GE MEDICAL SYSTEMS,Signa HDxt,4.0,4.0,thick>3.2
474aa69d4fae,GE MEDICAL SYSTEMS,Signa HDxt,4.0,4.0,thick>3.2
1105e4cfbd3b,SIEMENS,Verio,1.5,1.5,thin<=2.0
b1fcdc67bd91,GE MEDICAL SYSTEMS,Signa HDxt,4.0,4.0,thick>3.2
6711209c72e3,SIEMENS,Skyra,1.5,1.5,thin<=2.0
b579f16d872c,SIEMENS,Skyra,1.5,1.5,thin<=2.0
268df88fbcc3,GE MEDICAL SYSTEMS,SIGNA Pioneer,3.3,3.3,thick>3.2
71a29ea05d98,GE MEDICAL SYSTEMS,SIGNA Pioneer,3.3,3.3,thick>3.2
f96fed7644a5,GE MEDICAL SYSTEMS,Signa HDxt,4.0,4.0,thick>3.2
a20d4850eaf4,SIEMENS,Skyra,1.5,1.5,thin<=2.0
2100ea78bf28,SIEMENS,Skyra,1.5,1.5,thin<=2.0
650e4284b30c,GE MEDICAL SYSTEMS,SIGNA Pioneer,3.3,3.3,thick>3.2
b8c8f6ecb268,GE MEDICAL SYSTEMS,Signa HDxt,4.0,4.0,thick>3.2
350a361299ca,GE MEDICAL SYSTEMS,SIGNA Pioneer,3.3,3.3,thick>3.2
214f1516d1ba,SIEMENS,Skyra,1.5,1.5,thin<=2.0
6851755421b5,GE MEDICAL SYSTEMS,SIGNA Pioneer,3.3,3.3,thick>3.2
0a68f366533d,SIEMENS,Verio,1.5,1.5,thin<=2.0
a84a29442721,GE MEDICAL SYSTEMS,SIGNA Pioneer,3.3,3.3,thick>3.2
fc7c919c7c26,GE MEDICAL SYSTEMS,SIGNA Pioneer,3.3,3.3,thick>3.2
aa47164843b8,GE MEDICAL SYSTEMS,Signa HDxt,4.0,4.0,thick>3.2
9673fd840068,GE MEDICAL SYSTEMS,Signa HDxt,1.5,1.5,thin<=2.0
a206a7058241,SIEMENS,Verio,1.5,1.5,thin<=2.0
b6e2a5337695,SIEMENS,Verio,1.5,1.5,thin<=2.0
89b43632bce9,GE MEDICAL SYSTEMS,Signa HDxt,1.5,1.5,thin<=2.0
c929db456395,GE MEDICAL SYSTEMS,Signa HDxt,1.5,1.5,thin<=2.0
04a3fed7db97,GE MEDICAL SYSTEMS,Signa HDxt,1.5,1.5,thin<=2.0
cb6e9d7bf885,GE MEDICAL SYSTEMS,SIGNA Pioneer,3.3,3.3,thick>3.2
7e7d2687cb1d,GE MEDICAL SYSTEMS,Signa HDxt,1.5,1.5,thin<=2.0
44ba56f463f0,SIEMENS,Skyra,1.5,1.5,thin<=2.0
f1aad2142601,SIEMENS,Skyra,1.5,1.5,thin<=2.0
d54a32d92f89,SIEMENS,Verio,1.5,1.5,thin<=2.0
4864254db6cb,GE MEDICAL SYSTEMS,SIGNA Pioneer,3.3,3.3,thick>3.2
6eb971de75c4,GE MEDICAL SYSTEMS,Signa HDxt,1.5,1.5,thin<=2.0
8b5a2e299402,GE MEDICAL SYSTEMS,Signa HDxt,1.5,1.5,thin<=2.0
85cbcbbcbc25,GE MEDICAL SYSTEMS,SIGNA Pioneer,3.3,3.3,thick>3.2
13903166620d,GE MEDICAL SYSTEMS,Signa HDxt,1.5,1.5,thin<=2.0
49f0bc8f38b5,GE MEDICAL SYSTEMS,Signa HDxt,1.5,1.5,thin<=2.0
5b2c177f7644,GE MEDICAL SYSTEMS,Signa HDxt,1.5,1.5,thin<=2.0
a0268fc1b36a,SIEMENS,Skyra,1.5,1.5,thin<=2.0
5c320c107e3b,SIEMENS,Skyra,1.5,1.5,thin<=2.0
c5a0eb441e58,SIEMENS,Skyra,1.5,1.5,thin<=2.0
297d764c4c25,GE MEDICAL SYSTEMS,SIGNA Pioneer,3.3,3.3,thick>3.2
7419fe015d06,GE MEDICAL SYSTEMS,SIGNA Pioneer,3.3,3.3,thick>3.2
ce52faea7a92,GE MEDICAL SYSTEMS,Signa HDxt,1.5,1.5,thin<=2.0
b25eecc21d6f,GE MEDICAL SYSTEMS,Signa HDxt,1.5,1.5,thin<=2.0
11fc0095ec00,GE MEDICAL SYSTEMS,SIGNA Pioneer,3.3,3.3,thick>3.2
95e2eb9de53e,SIEMENS,Skyra,1.5,1.5,thin<=2.0
138666cb46bd,GE MEDICAL SYSTEMS,SIGNA Pioneer,3.3,3.3,thick>3.2
a16579dbc8f0,SIEMENS,Skyra,1.5,1.5,thin<=2.0
5838d6e88995,GE MEDICAL SYSTEMS,Signa HDxt,1.5,1.5,thin<=2.0
477458e38d12,GE MEDICAL SYSTEMS,Signa HDxt,1.5,1.5,thin<=2.0
40b5bb37d574,SIEMENS,Verio,1.7,1.7,thin<=2.0
b94c5f2ebbea,GE MEDICAL SYSTEMS,Signa HDxt,1.5,1.5,thin<=2.0
e47ced952e8b,SIEMENS,Verio,1.5,1.5,thin<=2.0
f3a196a5af83,GE MEDICAL SYSTEMS,Signa HDxt,1.5,1.5,thin<=2.0
8e0a7d7e6b35,GE MEDICAL SYSTEMS,Signa HDxt,1.5,1.5,thin<=2.0
2b967f6ab4ea,SIEMENS,Skyra,1.5,1.5,thin<=2.0
ee39836ca8ce,SIEMENS,Skyra,1.5,1.5,thin<=2.0
e7d1f43ac378,GE MEDICAL SYSTEMS,Signa HDxt,1.5,1.5,thin<=2.0
2d1d9d21d5c7,GE MEDICAL SYSTEMS,SIGNA Pioneer,3.3,3.3,thick>3.2
97aab5cfcaff,SIEMENS,Skyra,1.5,1.5,thin<=2.0
fe5d7ba3733a,GE MEDICAL SYSTEMS,Signa HDxt,1.5,1.5,thin<=2.0
0faba67cfde3,GE MEDICAL SYSTEMS,Signa HDxt,1.5,1.5,thin<=2.0
4c6b574aa71e,GE MEDICAL SYSTEMS,SIGNA Pioneer,3.3,3.3,thick>3.2
95e698110cbd,GE MEDICAL SYSTEMS,SIGNA Pioneer,3.3,3.3,thick>3.2
af9b0c84fecf,SIEMENS,Skyra,1.5,1.5,thin<=2.0
88cb99866bca,GE MEDICAL SYSTEMS,SIGNA Pioneer,3.3,3.3,thick>3.2
3c11e4a0cfc1,GE MEDICAL SYSTEMS,Signa HDxt,1.5,1.5,thin<=2.0
368ffca7d7e4,GE MEDICAL SYSTEMS,Signa HDxt,1.5,1.5,thin<=2.0
62b7c4668574,GE MEDICAL SYSTEMS,SIGNA Pioneer,3.3,3.3,thick>3.2
dc64e96d152a,GE MEDICAL SYSTEMS,Signa HDxt,1.5,1.5,thin<=2.0
6ee87a5ce315,GE MEDICAL SYSTEMS,SIGNA Pioneer,3.3,3.3,thick>3.2
1e0601ba678b,GE MEDICAL SYSTEMS,Signa HDxt,1.5,1.5,thin<=2.0
b459c1bff9dc,GE MEDICAL SYSTEMS,SIGNA Pioneer,3.3,3.3,thick>3.2
0622bb5b8015,GE MEDICAL SYSTEMS,SIGNA Pioneer,3.3,3.3,thick>3.2
5392ba4ee125,SIEMENS,Skyra,1.5,1.5,thin<=2.0
a4d46d25cb7c,SIEMENS,Skyra,1.5,1.5,thin<=2.0
d922213f4d88,GE MEDICAL SYSTEMS,SIGNA Pioneer,3.3,3.3,thick>3.2
08a4935c8c92,GE MEDICAL SYSTEMS,SIGNA Pioneer,3.3,3.3,thick>3.2
e3163dcffe6c,SIEMENS,Skyra,1.5,1.5,thin<=2.0
d9c27d296b5a,GE MEDICAL SYSTEMS,Signa HDxt,1.5,1.5,thin<=2.0
01e4c1108ec8,GE MEDICAL SYSTEMS,Signa HDxt,1.5,1.5,thin<=2.0
78d29c1d75c9,GE MEDICAL SYSTEMS,Signa HDxt,1.5,1.5,thin<=2.0
3a76bd4ed2d9,GE MEDICAL SYSTEMS,SIGNA Pioneer,3.3,3.3,thick>3.2
263f4553c41e,SIEMENS,Skyra,1.5,1.5,thin<=2.0
d9790dd112e1,GE MEDICAL SYSTEMS,SIGNA Pioneer,3.3,3.3,thick>3.2
4eb65d7f7441,GE MEDICAL SYSTEMS,SIGNA Pioneer,3.3,3.3,thick>3.2
2fbf0f6d64ee,GE MEDICAL SYSTEMS,SIGNA Pioneer,3.3,3.3,thick>3.2
53c11012a545,GE MEDICAL SYSTEMS,SIGNA Pioneer,3.3,3.3,thick>3.2
0f2a3dadf005,GE MEDICAL SYSTEMS,SIGNA Pioneer,3.3,3.3,thick>3.2
e9192606e2f7,SIEMENS,Skyra,1.5,1.5,thin<=2.0
3f701a6f45ca,GE MEDICAL SYSTEMS,Signa HDxt,1.5,1.5,thin<=2.0
308d5c51bee3,GE MEDICAL SYSTEMS,Signa HDxt,1.5,1.5,thin<=2.0
403e628e9c9b,GE MEDICAL SYSTEMS,Signa HDxt,1.5,1.5,thin<=2.0
4e3b4ca41dd4,GE MEDICAL SYSTEMS,SIGNA Pioneer,3.3,3.3,thick>3.2
d37f6460b2cb,SIEMENS,Verio,1.5,1.5,thin<=2.0
c28927001d5d,GE MEDICAL SYSTEMS,SIGNA Pioneer,3.3,3.3,thick>3.2
f568fdad09a4,SIEMENS,Skyra,1.5,1.5,thin<=2.0
52a47f894781,GE MEDICAL SYSTEMS,Signa HDxt,1.5,1.5,thin<=2.0
2e8a2377be76,GE MEDICAL SYSTEMS,Signa HDxt,1.5,1.5,thin<=2.0
fb1785d0e253,GE MEDICAL SYSTEMS,Signa HDxt,1.5,1.5,thin<=2.0
f23d7e5e63b9,GE MEDICAL SYSTEMS,Signa HDxt,1.5,1.5,thin<=2.0
5a1b5635d637,SIEMENS,Verio,1.5,1.5,thin<=2.0
eedd62111dbb,GE MEDICAL SYSTEMS,Signa HDxt,1.5,1.5,thin<=2.0
5b571281bb87,SIEMENS,Verio,1.5,1.5,thin<=2.0
e2f2c59b7741,SIEMENS,Skyra,1.5,1.5,thin<=2.0
fb1f40325bdd,SIEMENS,Skyra,1.5,1.5,thin<=2.0
4cba025752d6,GE MEDICAL SYSTEMS,SIGNA Pioneer,3.3,3.3,thick>3.2
a91f1ae6e4a0,GE MEDICAL SYSTEMS,SIGNA Pioneer,3.3,3.3,thick>3.2
f59f3fdfb0e5,SIEMENS,Skyra,1.5,1.5,thin<=2.0
56fa0dd09d7d,GE MEDICAL SYSTEMS,SIGNA Pioneer,3.3,3.3,thick>3.2
1fa340fcc20b,SIEMENS,Skyra,1.5,1.5,thin<=2.0
04949d8a3b46,GE MEDICAL SYSTEMS,SIGNA Pioneer,3.3,3.3,thick>3.2
63b23b5e50f0,SIEMENS,Skyra,1.5,1.5,thin<=2.0
ede59a1cddec,SIEMENS,Verio,1.5,1.5,thin<=2.0
322648852988,GE MEDICAL SYSTEMS,SIGNA Architect,4.0,4.0,thick>3.2
aa9f5b41fb96,GE MEDICAL SYSTEMS,SIGNA Pioneer,3.3,3.3,thick>3.2
5097155369bc,GE MEDICAL SYSTEMS,SIGNA Pioneer,3.3,3.3,thick>3.2
ec576d88c3df,GE MEDICAL SYSTEMS,SIGNA Pioneer,3.3,3.3,thick>3.2
ddae707d0218,SIEMENS,Skyra,1.5,1.5,thin<=2.0
5b86a8c63ed2,SIEMENS,Skyra,1.5,1.5,thin<=2.0
8787422be136,SIEMENS,Skyra,1.5,1.5,thin<=2.0
887032ffafcb,GE MEDICAL SYSTEMS,SIGNA Architect,4.0,4.0,thick>3.2
6b1b9d8f5cbb,SIEMENS,Verio,1.5,1.5,thin<=2.0
f098ffcaf4ba,SIEMENS,Skyra,1.5,1.5,thin<=2.0
034612ababb2,SIEMENS,Verio,1.5,1.5,thin<=2.0
2893a7a2b160,SIEMENS,Skyra,1.5,1.5,thin<=2.0
89800054a763,GE MEDICAL SYSTEMS,SIGNA Pioneer,3.3,3.3,thick>3.2
66c891d8992f,SIEMENS,Skyra,1.5,1.5,thin<=2.0
7f2b8f239432,SIEMENS,Verio,1.5,1.5,thin<=2.0
25c9dfeb6be8,GE MEDICAL SYSTEMS,SIGNA Architect,4.0,4.0,thick>3.2
1bbddd6fe930,GE MEDICAL SYSTEMS,SIGNA Pioneer,3.3,3.3,thick>3.2
4f9709867122,SIEMENS,Verio,1.5,1.5,thin<=2.0
b70b22a85d15,SIEMENS,Verio,1.5,1.5,thin<=2.0
ebce49ed9266,SIEMENS,Verio,1.5,1.5,thin<=2.0
ea0a5c759a0b,SIEMENS,Verio,1.5,1.5,thin<=2.0
da14efe15c8c,SIEMENS,Skyra,1.5,1.5,thin<=2.0
03740991934c,GE MEDICAL SYSTEMS,SIGNA Pioneer,3.3,3.3,thick>3.2
1aab8f7ddc54,SIEMENS,Verio,1.5,1.5,thin<=2.0
8565277db981,SIEMENS,Verio,1.5,1.5,thin<=2.0
74efcd245660,GE MEDICAL SYSTEMS,SIGNA Pioneer,3.3,3.3,thick>3.2
1e9ce88a21f3,SIEMENS,Verio,1.5,1.5,thin<=2.0
4393412ea33a,GE MEDICAL SYSTEMS,SIGNA Architect,4.0,4.0,thick>3.2
6a3ce5161e67,GE MEDICAL SYSTEMS,SIGNA Pioneer,3.3,3.3,thick>3.2
d48321846fbd,GE MEDICAL SYSTEMS,SIGNA Architect,4.0,4.0,thick>3.2
a8beab79352f,GE MEDICAL SYSTEMS,SIGNA Architect,4.0,4.0,thick>3.2
03bcdf54b39d,GE MEDICAL SYSTEMS,SIGNA Architect,4.0,4.0,thick>3.2
728f7872b8d7,SIEMENS,Skyra,1.5,1.5,thin<=2.0
90f791f1f106,GE MEDICAL SYSTEMS,SIGNA Architect,4.0,4.0,thick>3.2
5cec38323075,SIEMENS,Skyra,1.5,1.5,thin<=2.0
c92e6855e8ca,SIEMENS,Verio,1.5,1.5,thin<=2.0
f6f83792c825,SIEMENS,Skyra,1.5,1.5,thin<=2.0
b6c84222c5e7,SIEMENS,Skyra,1.5,1.5,thin<=2.0
5ccfc6c04db9,GE MEDICAL SYSTEMS,SIGNA Architect,4.0,4.0,thick>3.2
e93c3a960cae,SIEMENS,Verio,1.5,1.5,thin<=2.0
75d83f68218f,SIEMENS,Skyra,1.5,1.5,thin<=2.0
7d27a67e7bc8,GE MEDICAL SYSTEMS,SIGNA Pioneer,3.3,3.3,thick>3.2
a78a4ac13e60,SIEMENS,Verio,1.5,1.5,thin<=2.0
48f556e9716b,SIEMENS,Skyra,1.5,1.5,thin<=2.0
3d29ed664ece,SIEMENS,Skyra,1.5,1.5,thin<=2.0
bc3d94301e68,GE MEDICAL SYSTEMS,SIGNA Pioneer,3.3,3.3,thick>3.2
436d9c8320e8,GE MEDICAL SYSTEMS,SIGNA Pioneer,3.3,3.3,thick>3.2
f582c1c997a0,SIEMENS,Skyra,1.5,1.5,thin<=2.0
2f06d6981dc9,SIEMENS,Skyra,1.5,1.5,thin<=2.0
f97ddb3b9394,SIEMENS,Skyra,1.5,1.5,thin<=2.0
f039e273ea51,GE MEDICAL SYSTEMS,SIGNA Pioneer,3.3,3.3,thick>3.2
684a53312e66,GE MEDICAL SYSTEMS,SIGNA Architect,4.0,4.0,thick>3.2
afcbf22ee009,GE MEDICAL SYSTEMS,SIGNA Architect,4.0,4.0,thick>3.2
32188b5ef73a,SIEMENS,Skyra,1.5,1.5,thin<=2.0
d0fb3e85fef5,SIEMENS,Skyra,1.5,1.5,thin<=2.0
998122ed88bb,SIEMENS,Verio,1.5,1.5,thin<=2.0
87c6669eb287,GE MEDICAL SYSTEMS,SIGNA Pioneer,3.3,3.3,thick>3.2
5f37f42cc0ca,SIEMENS,Prisma,3.5,3.5,thick>3.2
527b379e987f,SIEMENS,Skyra,1.5,1.5,thin<=2.0
450be2904534,SIEMENS,Skyra,1.5,1.5,thin<=2.0
821e10b2516f,SIEMENS,Skyra,1.5,1.5,thin<=2.0
cd5eae6e5e92,SIEMENS,Skyra,1.5,1.5,thin<=2.0
e9a911ea0e12,GE MEDICAL SYSTEMS,SIGNA Pioneer,3.3,3.3,thick>3.2
643918bacc17,SIEMENS,Skyra,1.5,1.5,thin<=2.0
8ce8a6a6a22b,SIEMENS,Skyra,1.5,1.5,thin<=2.0
4214104a0eba,GE MEDICAL SYSTEMS,SIGNA Architect,4.0,4.0,thick>3.2
8a7e4782518b,SIEMENS,Prisma,1.5,1.5,thin<=2.0
63b44c03bcae,GE MEDICAL SYSTEMS,SIGNA Architect,4.0,4.0,thick>3.2
0360a62231bb,SIEMENS,Prisma,1.5,1.5,thin<=2.0
975655b923d7,SIEMENS,Skyra,1.5,1.5,thin<=2.0
6ee4966565c4,SIEMENS,Skyra,1.5,1.5,thin<=2.0
2f782947e427,SIEMENS,Skyra,1.5,1.5,thin<=2.0
2c98fb94f646,GE MEDICAL SYSTEMS,SIGNA Architect,4.0,4.0,thick>3.2
267524e73ae3,GE MEDICAL SYSTEMS,SIGNA Pioneer,3.3,3.3,thick>3.2
2ccb2686fccd,GE MEDICAL SYSTEMS,SIGNA Pioneer,3.3,3.3,thick>3.2
44b7f714c32f,SIEMENS,Skyra,1.5,1.5,thin<=2.0
e13fb5037f4f,SIEMENS,Skyra,1.5,1.5,thin<=2.0
2c0212ac9d73,SIEMENS,Skyra,1.5,1.5,thin<=2.0
2de35dd555ec,GE MEDICAL SYSTEMS,SIGNA Pioneer,3.3,3.3,thick>3.2
6b9dc0e11f89,GE MEDICAL SYSTEMS,SIGNA Pioneer,3.3,3.3,thick>3.2
406d3275d595,GE MEDICAL SYSTEMS,SIGNA Pioneer,3.3,3.3,thick>3.2
d799e566ee49,GE MEDICAL SYSTEMS,SIGNA Pioneer,3.3,3.3,thick>3.2
d4be3658286f,GE MEDICAL SYSTEMS,SIGNA Pioneer,3.3,3.3,thick>3.2
c76f2abed81b,SIEMENS,Prisma,1.5,1.5,thin<=2.0
a1a78523034b,GE MEDICAL SYSTEMS,SIGNA Architect,3.0,3.0,mid2.0-3.2
17322b6e997d,GE MEDICAL SYSTEMS,SIGNA Architect,3.0,3.0,mid2.0-3.2
eef2468a3ce4,GE MEDICAL SYSTEMS,SIGNA Pioneer,3.3,3.3,thick>3.2
58b3bf1ef162,SIEMENS,Prisma,1.5,1.5,thin<=2.0
328f99e7cd7f,SIEMENS,Prisma,1.5,1.5,thin<=2.0
63ab0b30ee71,GE MEDICAL SYSTEMS,SIGNA Pioneer,3.3,3.3,thick>3.2
b447b9750464,GE MEDICAL SYSTEMS,SIGNA Pioneer,3.3,3.3,thick>3.2
53b773673c09,SIEMENS,Prisma,1.5,1.5,thin<=2.0
1f7543143201,GE MEDICAL SYSTEMS,SIGNA Architect,3.0,3.0,mid2.0-3.2
5434d1aba526,SIEMENS,Skyra,1.5,1.5,thin<=2.0
37b65d39954c,SIEMENS,Prisma,1.5,1.5,thin<=2.0
ae6171342751,GE MEDICAL SYSTEMS,SIGNA Architect,3.0,3.0,mid2.0-3.2
